Name,1869,1870,1871,1872,1873,1874,1875,1876,1877,1878,1879,1880,1881,1882,1883,1884,1885,1886,1887,1888,1889,1890,1891,1892,1893,1894,1895,1896,1897,1898,1899,1900,1901,1902,1903,1904,1905,1906,1907,1908,1909,1910,1911,1912,1913,1914,1915,1916,1917,1918,1919,1920,1921,1922,1923,1924,1925
Princeton,Ind,Ind,None,Ind,Ind,Ind,Ind,Ind,Ind,Ind,Ind,Ind,Ind,Ind,Ind,Ind,Ind,Ind,Ind,Ind,Ind,Ind,Ind,Ind,Ind,Ind,Ind,Ind,Ind,Ind,Ind,Ind,Ind,Ind,Ind,Ind,Ind,Ind,Ind,Ind,Ind,Ind,Ind,Ind,Ind,Ind,Ind,Ind,Ind,Ind,Ind,Ind,Ind,Ind,Ind,Ind,Ind
Rutgers,Ind,Ind,None,Ind,Ind,Ind,Ind,Ind,Ind,Ind,Ind,Ind,Ind,Ind,Ind,Ind,Ind,Ind,Ind,Ind,Ind,Ind,Ind,Ind,Ind,Ind,Ind,Ind,Ind,Ind,Ind,Ind,Ind,Ind,Ind,Ind,Ind,Ind,Ind,Ind,Ind,Ind,Ind,Ind,Ind,Ind,Ind,Ind,Ind,Ind,Ind,Ind,Ind,Ind,Ind,Ind,Ind
Columbia,None,Ind,None,Ind,Ind,Ind,Ind,Ind,Ind,Ind,Ind,Ind,Ind,Ind,Ind,Ind,None,None,None,None,Ind,Ind,Ind,None,None,None,None,None,None,None,Ind,Ind,Ind,Ind,Ind,Ind,Ind,None,None,None,None,None,None,None,None,None,Ind,Ind,Ind,Ind,Ind,Ind,Ind,Ind,Ind,Ind,Ind
Yale,None,None,None,Ind,Ind,Ind,Ind,Ind,Ind,Ind,Ind,Ind,Ind,Ind,Ind,Ind,Ind,Ind,Ind,Ind,Ind,Ind,Ind,Ind,Ind,Ind,Ind,Ind,Ind,Ind,Ind,Ind,Ind,Ind,Ind,Ind,Ind,Ind,Ind,Ind,Ind,Ind,Ind,Ind,Ind,Ind,Ind,Ind,Ind,None,Ind,Ind,Ind,Ind,Ind,Ind,Ind
Stevens,None,None,None,Ind,Ind,Ind,Ind,Ind,Ind,Ind,Ind,Ind,Ind,Ind,Ind,Ind,None,Ind,NEIFA,NEIFA,NEIFA,None,NEIFA,Ind,None,None,None,None,None,None,None,None,None,None,None,None,None,None,None,None,None,None,None,None,None,None,None,None,None,None,None,None,None,None,None,None,None
Harvard,None,None,None,None,Ind,Ind,Ind,Ind,Ind,Ind,Ind,Ind,Ind,Ind,Ind,Ind,None,Ind,Ind,Ind,Ind,Ind,Ind,Ind,Ind,Ind,Ind,Ind,Ind,Ind,Ind,Ind,Ind,Ind,Ind,Ind,Ind,Ind,Ind,Ind,Ind,Ind,Ind,Ind,Ind,Ind,Ind,Ind,Ind,Ind,Ind,Ind,Ind,Ind,Ind,Ind,Ind
Washington and Lee,None,None,None,None,Ind,None,None,None,None,None,None,None,None,None,None,None,None,None,None,None,None,None,None,None,None,None,None,None,Ind,None,None,None,None,None,None,None,Ind,None,None,None,Ind,Ind,Ind,SAIAA,SAIAA,SAIAA,SAIAA,SAIAA,SAIAA,SAIAA,SAIAA,SAIAA,SAIAA,SoCon,SoCon,SoCon,SoCon
McGill,None,None,None,None,Ind,Ind,None,Ind,None,None,Ind,None,None,Ind,None,None,None,None,None,None,None,None,None,None,None,None,None,None,None,None,None,None,None,None,None,None,None,None,None,None,None,None,None,None,None,None,None,None,None,None,None,None,None,None,None,None,None
Eton,None,None,None,None,Ind,None,None,None,None,None,None,None,None,None,None,None,None,None,None,None,None,None,None,None,None,None,None,None,None,None,None,None,None,None,None,None,None,None,None,None,None,None,None,None,None,None,None,None,None,None,None,None,None,None,None,None,None
CCNY,None,None,None,None,Ind,None,Ind,Ind,None,Ind,None,Ind,Ind,Ind,Ind,Ind,None,None,None,None,None,None,None,None,None,None,Ind,None,None,None,None,Ind,None,None,None,None,None,None,None,None,None,None,None,None,None,None,None,None,None,None,None,None,None,Ind,Ind,Ind,Ind
NYU,None,None,None,None,Ind,Ind,Ind,Ind,None,None,Ind,None,None,Ind,Ind,None,None,Ind,None,None,Ind,Ind,Ind,Ind,None,Ind,Ind,None,Ind,Ind,Ind,Ind,Ind,Ind,Ind,Ind,Ind,Ind,Ind,Ind,Ind,Ind,Ind,Ind,Ind,Ind,Ind,Ind,Ind,Ind,Ind,Ind,Ind,Ind,Ind,Ind,Ind
Princeton Seminary,None,None,None,None,Ind,None,None,None,None,None,None,None,None,None,None,None,None,None,None,None,None,None,None,None,None,None,None,None,None,None,None,None,None,None,None,None,None,None,None,None,None,None,None,None,None,None,None,None,None,None,None,None,None,None,None,None,None
VMI,None,None,None,None,Ind,None,None,None,None,None,None,None,None,None,None,None,None,None,None,None,None,None,Ind,Ind,Ind,Ind,Ind,Ind,Ind,Ind,Ind,Ind,Ind,Ind,Ind,Ind,Ind,Ind,Ind,Ind,Ind,Ind,Ind,Ind,Ind,Ind,Ind,SAIAA,SAIAA,SAIAA,SAIAA,SAIAA,SAIAA,Ind,Ind,SoCon,SoCon
Tufts,None,None,None,None,None,Ind,Ind,None,Ind,None,None,None,None,None,None,Ind,NEIFA,NEIFA,Ind,None,Ind,Ind,Ind,Ind,Ind,Ind,Ind,Ind,Ind,Ind,Ind,Ind,Ind,Ind,Ind,Ind,Ind,Ind,Ind,Ind,Ind,Ind,Ind,Ind,Ind,Ind,Ind,Ind,Ind,Ind,Ind,Ind,Ind,Ind,Ind,Ind,Ind
Wesleyan,None,None,None,None,None,None,Ind,None,None,None,None,None,Ind,Ind,Ind,Ind,Ind,Ind,Ind,Ind,Ind,Ind,Ind,Ind,Ind,Ind,Ind,Ind,Ind,Ind,NEIFA,NEIFA,NEIFA,Ind,Ind,Ind,Ind,Ind,Ind,Ind,Ind,Ind,None,Ind,None,None,Ind,None,None,None,None,None,None,None,None,None,None
Bates,None,None,None,None,None,None,Ind,None,None,None,None,None,None,None,None,None,None,None,None,None,None,None,None,None,None,None,None,None,None,None,None,None,None,None,None,None,None,None,None,None,None,None,None,None,None,None,None,None,None,None,None,None,None,None,None,None,None
Penn,None,None,None,None,None,None,None,Ind,None,Ind,Ind,Ind,Ind,Ind,Ind,Ind,Ind,Ind,Ind,Ind,Ind,Ind,Ind,Ind,Ind,Ind,Ind,Ind,Ind,Ind,Ind,Ind,Ind,Ind,Ind,Ind,Ind,Ind,Ind,Ind,Ind,Ind,Ind,Ind,Ind,Ind,Ind,Ind,Ind,Ind,Ind,Ind,Ind,Ind,Ind,Ind,Ind
Northwestern,None,None,None,None,None,None,None,Ind,None,None,None,None,None,Ind,None,None,None,Ind,None,Ind,Ind,Ind,Ind,IAAN,IAAN,Ind,Ind,BIG 10,BIG 10,BIG 10,BIG 10,BIG 10,BIG 10,BIG 10,BIG 10,BIG 10,BIG 10,None,None,BIG 10,BIG 10,BIG 10,BIG 10,BIG 10,BIG 10,BIG 10,BIG 10,BIG 10,BIG 10,BIG 10,BIG 10,BIG 10,BIG 10,BIG 10,BIG 10,BIG 10,BIG 10
Amherst,None,None,None,None,None,None,None,None,Ind,Ind,Ind,Ind,Ind,Ind,Ind,Ind,None,Ind,NEIFA,NEIFA,NEIFA,NEIFA,NEIFA,NEIFA,NEIFA,NEFIA,NEIFA,NEIFA,NEIFA,NEIFA,NEIFA,NEIFA,NEIFA,Ind,Ind,Ind,Ind,Ind,Ind,Ind,Ind,None,None,None,None,None,None,None,None,None,None,None,None,None,None,None,None
Brown,None,None,None,None,None,None,None,None,None,Ind,None,Ind,None,None,None,None,None,None,None,None,Ind,Ind,None,Ind,Ind,Ind,Ind,Ind,Ind,Ind,Ind,Ind,Ind,Ind,Ind,Ind,Ind,Ind,Ind,Ind,Ind,Ind,Ind,Ind,Ind,Ind,Ind,Ind,Ind,Ind,Ind,Ind,Ind,Ind,Ind,Ind,Ind
Swarthmore,None,None,None,None,None,None,None,None,None,Ind,Ind,None,None,None,None,None,None,Ind,None,Ind,None,None,PIFA,Ind,Ind,Ind,Ind,Ind,Ind,Ind,Ind,Ind,Ind,Ind,Ind,Ind,Ind,Ind,Ind,None,Ind,Ind,Ind,Ind,None,None,Ind,Ind,Ind,Ind,Ind,None,None,None,None,None,None
Massachusetts,None,None,None,None,None,None,None,None,None,None,Ind,Ind,Ind,Ind,Ind,Ind,Ind,Ind,Ind,Ind,Ind,Ind,Ind,Ind,Ind,Ind,Ind,Ind,None,None,None,None,Ind,None,None,None,None,None,None,None,None,None,None,None,None,None,None,None,None,None,None,None,None,None,NELC,NELC,NELC
Michigan,None,None,None,None,None,None,None,None,None,None,Ind,Ind,Ind,None,Ind,Ind,Ind,Ind,Ind,Ind,Ind,Ind,Ind,IAAN,IAAN,Ind,Ind,BIG 10,BIG 10,BIG 10,BIG 10,BIG 10,BIG 10,BIG 10,BIG 10,BIG 10,BIG 10,BIG 10,Ind,Ind,Ind,Ind,Ind,Ind,Ind,Ind,Ind,Ind,BIG 10,BIG 10,BIG 10,BIG 10,BIG 10,BIG 10,BIG 10,BIG 10,BIG 10
Haverford,None,None,None,None,None,None,None,None,None,None,Ind,None,None,None,None,None,None,None,None,None,None,None,PIFA,None,None,None,None,None,None,None,None,None,None,None,None,None,None,Ind,None,None,None,None,None,None,None,None,None,None,None,None,None,None,None,None,None,None,None
Navy,None,None,None,None,None,None,None,None,None,None,Ind,None,None,Ind,Ind,Ind,Ind,Ind,Ind,Ind,Ind,Ind,Ind,Ind,Ind,Ind,Ind,Ind,Ind,Ind,Ind,Ind,Ind,Ind,Ind,Ind,Ind,Ind,Ind,Ind,Ind,Ind,Ind,Ind,Ind,Ind,Ind,Ind,Ind,Ind,Ind,Ind,Ind,Ind,Ind,Ind,Ind
Widener,None,None,None,None,None,None,None,None,None,None,Ind,None,None,None,None,None,None,None,None,None,None,None,None,None,None,None,None,None,None,None,None,None,None,None,None,None,None,None,None,None,None,None,None,None,None,None,None,None,None,None,None,None,None,None,None,None,None
Racine,None,None,None,None,None,None,None,None,None,None,Ind,None,None,None,None,None,None,None,None,None,None,None,None,None,None,None,None,None,None,None,None,None,None,None,None,None,None,None,None,None,None,None,None,None,None,None,None,None,None,None,None,None,None,None,None,None,None
Transylvania,None,None,None,None,None,None,None,None,None,None,None,Ind,Ind,None,None,None,None,None,None,None,None,None,None,None,None,None,None,None,None,None,None,None,Ind,Ind,Ind,Ind,Ind,None,None,None,None,None,None,None,None,KIAA,SIAA/KIAA,SIAA,None,None,SIAA,SIAA,SIAA,SIAA,SIAA,None,None
Centre,None,None,None,None,None,None,None,None,None,None,None,Ind,None,None,None,None,None,None,None,None,None,None,None,Ind,Ind,Ind,Ind,Ind,None,Ind,None,Ind,None,None,None,None,None,None,None,None,None,Ind,SIAA,SIAA,SIAA,SIAA,SIAA,SIAA/KIAA,SIAA,Ind,SIAA,SIAA,SIAA,SIAA,SIAA,SIAA,SIAA
MIT,None,None,None,None,None,None,None,None,None,None,None,None,Ind,Ind,None,None,None,Ind,NEIFA,NEIFA,NEIFA,NEIFA,NEIFA,None,Ind,Ind,Ind,None,None,None,None,None,None,None,None,None,None,None,None,None,None,None,None,None,None,None,None,None,None,None,None,None,None,None,None,None,None
Richmond,None,None,None,None,None,None,None,None,None,None,None,None,Ind,Ind,None,None,Ind,Ind,Ind,Ind,Ind,Ind,Ind,Ind,Ind,Ind,Ind,None,Ind,Ind,Ind,Ind,Ind,Ind,None,None,Ind,None,None,EVIAA,EVIAA,EVIAA,None,EVIAA,EVIAA,SAIAA/EVIAA,SAIAA/EVIAA,SAIAA/EVIAA,SAIAA/EVIAA,SAIAA,SAIAA,SAIAA,SAIAA,Ind,Ind,Ind,Ind
Georgetown,None,None,None,None,None,None,None,None,None,None,None,None,Ind,None,Ind,None,None,None,Ind,Ind,Ind,Ind,Ind,Ind,Ind,Ind,None,None,None,Ind,Ind,Ind,Ind,Ind,Ind,Ind,Ind,Ind,Ind,None,Ind,Ind,Ind,SAIAA,SAIAA,SAIAA,SAIAA,SAIAA,SAIAA,SAIAA,SAIAA,SAIAA,SAIAA,Ind,Ind,Ind,Ind
Penn State,None,None,None,None,None,None,None,None,None,None,None,None,Ind,None,None,None,None,None,Ind,Ind,None,Ind,PIFA,Ind,Ind,Ind,Ind,Ind,Ind,Ind,Ind,Ind,Ind,Ind,Ind,Ind,Ind,Ind,Ind,Ind,Ind,Ind,Ind,Ind,Ind,Ind,Ind,Ind,Ind,Ind,Ind,Ind,Ind,Ind,Ind,Ind,Ind
George Washington,None,None,None,None,None,None,None,None,None,None,None,None,Ind,Ind,Ind,None,None,None,None,None,Ind,Ind,None,None,None,None,Ind,Ind,Ind,Ind,None,None,None,Ind,Ind,None,Ind,Ind,Ind,Ind,Ind,Ind,None,None,None,None,None,SAIAA,None,None,None,SAIAA,SAIAA,Ind,Ind,Ind,Ind
Dartmouth,None,None,None,None,None,None,None,None,None,None,None,None,Ind,Ind,Ind,Ind,None,Ind,NEIFA,NEIFA,NEIFA,NEIFA,NEIFA,NEIFA,NEIFA,NEIFA,NEIFA,NEIFA,NEIFA,NEIFA,Ind,Ind,Ind,Ind,Ind,Ind,Ind,Ind,Ind,Ind,Ind,Ind,Ind,Ind,Ind,Ind,Ind,Ind,Ind,Ind,Ind,Ind,Ind,Ind,Ind,Ind,Ind
Kentucky,None,None,None,None,None,None,None,None,None,None,None,None,Ind,None,None,None,None,None,None,None,None,None,Ind,Ind,Ind,Ind,Ind,SIAA,SIAA,SIAA,SIAA,SIAA,SIAA,SIAA,SIAA,SIAA,Ind,Ind,Ind,Ind,Ind,Ind,SIAA,SIAA,SIAA,SIAA,SIAA,SIAA,Ind,Ind,SIAA,SIAA,SIAA,SoCon,SoCon,SoCon,SoCon
Bucknell,None,None,None,None,None,None,None,None,None,None,None,None,Ind,None,Ind,None,None,None,Ind,Ind,Ind,Ind,PIFA,Ind,Ind,Ind,Ind,Ind,Ind,Ind,Ind,Ind,Ind,Ind,Ind,Ind,Ind,Ind,Ind,Ind,Ind,Ind,Ind,Ind,Ind,Ind,Ind,Ind,Ind,Ind,Ind,Ind,Ind,Ind,Ind,Ind,Ind
Randolph-Macon,None,None,None,None,None,None,None,None,None,None,None,None,Ind,Ind,None,None,None,Ind,None,Ind,None,None,None,None,None,None,None,None,None,None,None,None,None,None,None,None,None,None,None,EVIAA,EVIAA,EVIAA,None,EVIAA,EVIAA,EVIAA,EVIAA,EVIAA,EVIAA,None,None,None,None,None,None,None,None
Colorado College,None,None,None,None,None,None,None,None,None,None,None,None,None,Ind,None,None,Ind,Ind,None,None,None,CIAC,None,None,None,CIAC,CIAC,CIAC,CIAC,CIAC,CIAC,CIAC,CIAC,CIAC,CIAC,CIAC,None,CIAC,CIAC,CIAC,RMAC,RMAC,RMAC,RMAC,RMAC,RMAC,RMAC,RMAC,RMAC,RMAC,RMAC,RMAC,RMAC,RMAC,RMAC,RMAC,RMAC
Fordham,None,None,None,None,None,None,None,None,None,None,None,None,None,Ind,Ind,Ind,Ind,None,None,Ind,Ind,Ind,Ind,Ind,Ind,None,None,Ind,Ind,Ind,Ind,Ind,Ind,Ind,Ind,Ind,Ind,Ind,Ind,Ind,Ind,None,None,Ind,Ind,Ind,Ind,Ind,None,Ind,None,Ind,Ind,Ind,Ind,Ind,Ind
Lake Forest,None,None,None,None,None,None,None,None,None,None,None,None,None,Ind,None,None,None,None,None,Ind,Ind,Ind,Ind,Ind,Ind,Ind,Ind,Ind,Ind,Ind,Ind,Ind,Ind,Ind,Ind,Ind,Ind,Ind,Ind,Ind,Ind,Ind,Ind,Ind,Ind,Ind,Ind,Ind,Ind,Ind,None,None,None,IIAC,IIAC,IIAC,IIAC
Minnesota,None,None,None,None,None,None,None,None,None,None,None,None,None,Ind,Ind,None,None,Ind,Ind,Ind,Ind,Ind,Ind,IAAN,IAAN,Ind,Ind,BIG 10,BIG 10,BIG 10,BIG 10,BIG 10,BIG 10,BIG 10,BIG 10,BIG 10,BIG 10,BIG 10,BIG 10,BIG 10,BIG 10,BIG 10,BIG 10,BIG 10,BIG 10,BIG 10,BIG 10,BIG 10,BIG 10,BIG 10,BIG 10,BIG 10,BIG 10,BIG 10,BIG 10,BIG 10,BIG 10
Johns Hopkins,None,None,None,None,None,None,None,None,None,None,None,None,None,Ind,Ind,Ind,Ind,Ind,Ind,Ind,Ind,Ind,Ind,Ind,Ind,Ind,None,None,None,None,None,None,None,None,None,None,None,None,None,None,None,None,None,SAIAA,SAIAA,SAIAA,SAIAA,SAIAA,SAIAA,SAIAA,SAIAA,SAIAA,None,None,None,None,None
Lafayette,None,None,None,None,None,None,None,None,None,None,None,None,None,Ind,Ind,Ind,Ind,Ind,Ind,Ind,Ind,Ind,Ind,Ind,Ind,Ind,Ind,Ind,Ind,Ind,Ind,Ind,Ind,Ind,Ind,Ind,Ind,Ind,Ind,Ind,Ind,Ind,Ind,Ind,Ind,Ind,Ind,Ind,Ind,Ind,Ind,Ind,Ind,Ind,Ind,Ind,Ind
Gallaudet,None,None,None,None,None,None,None,None,None,None,None,None,None,None,Ind,None,None,None,None,Ind,None,None,None,None,None,None,None,None,MIFA,None,None,None,Ind,None,None,None,None,None,None,None,None,None,None,None,None,None,None,None,None,None,None,None,None,None,None,None,None
Carleton,None,None,None,None,None,None,None,None,None,None,None,None,None,None,Ind,None,None,None,None,None,None,None,None,None,None,None,None,None,None,None,None,None,None,None,None,None,None,None,None,None,None,None,None,None,None,None,Ind,None,None,None,None,MIAC,MIAC,MIAC/MWC,MIAC/MWC,MIAC/MWC,MWC
Williams,None,None,None,None,None,None,None,None,None,None,None,None,None,None,Ind,Ind,NEIFA,NEIFA,Ind,NEIFA,NEIFA,NEIFA,NEIFA,NEIFA,NEIFA,NEIFA,NEIFA,NEIFA,NEIFA,NEIFA,NEIFA,NEIFA,NEIFA,None,None,None,None,None,None,None,None,None,None,None,None,None,Ind,None,Ind,None,Ind,Ind,None,None,None,None,None
Hamline,None,None,None,None,None,None,None,None,None,None,None,None,None,None,Ind,None,None,None,None,None,None,None,None,None,None,None,None,None,None,None,None,None,None,None,None,None,None,None,None,None,None,None,None,None,None,None,None,None,None,None,None,MIAC,MIAC,MIAC/MWC,MIAC/MWC,MIAC/MWC,MIAC/MWC
Wabash,None,None,None,None,None,None,None,None,None,None,None,None,None,None,None,Ind,None,Ind,Ind,None,Ind,None,IIAA,IIAA,IIAA,IIAA,Ind,Ind,None,Ind,Ind,Ind,Ind,Ind,Ind,Ind,Ind,Ind,Ind,Ind,Ind,Ind,Ind,Ind,Ind,Ind,Ind,ICAL,Ind,Ind,IIAL,Ind,Ind,Ind,IIC,IIC,None
Butler,None,None,None,None,None,None,None,None,None,None,None,None,None,None,None,Ind,None,None,Ind,None,Ind,IIAA,IIAA,IIAA,IIAA,IIAA,Ind,None,Ind,Ind,Ind,Ind,Ind,Ind,Ind,Ind,Ind,Ind,Ind,Ind,Ind,Ind,Ind,Ind,Ind,Ind,Ind,ICAL,None,Ind,Ind,Ind,Ind,Ind,IIC,IIC,Ind
Albion,None,None,None,None,None,None,None,None,None,None,None,None,None,None,None,Ind,None,Ind,Ind,Ind,None,None,None,None,None,MIAA,MIAA,MIAA,MIAA,MIAA,MIAA,MIAA,MIAA,MIAA,MIAA,MIAA,MIAA,MIAA,MIAA,MIAA,MIAA,MIAA,MIAA,MIAA,MIAA,MIAA,MIAA,MIAA,MIAA,None,MIAA,MIAA,MIAA,MIAA,MIAA,MIAA,MIAA
Denver,None,None,None,None,None,None,None,None,None,None,None,None,None,None,None,Ind,None,None,None,None,None,CIAC,None,None,CIAC,CIAC,CIAC,None,None,Ind,None,None,None,CIAC,CIAC,CIAC,None,CIAC,CIAC,CIAC,Ind,RMAC,RMAC,RMAC,RMAC,RMAC,RMAC,RMAC,RMAC,RMAC,RMAC,RMAC,RMAC,RMAC,RMAC,RMAC,RMAC
DePauw,None,None,None,None,None,None,None,None,None,None,None,None,None,None,None,Ind,None,None,None,None,None,None,None,None,IIAA,None,None,None,Ind,Ind,None,None,None,None,Ind,Ind,Ind,None,None,None,None,None,None,None,None,None,None,ICAL,None,None,None,None,Ind,Ind,IIC,IIC,None
Olivet,None,None,None,None,None,None,None,None,None,None,None,None,None,None,None,Ind,None,None,None,None,None,None,None,None,None,MIAA,MIAA,MIAA,MIAA,MIAA,MIAA,MIAA,MIAA,MIAA,MIAA,MIAA,MIAA,MIAA,MIAA,MIAA,MIAA,MIAA,MIAA,MIAA,MIAA,MIAA,MIAA,MIAA,MIAA,None,MIAA,MIAA,MIAA,MIAA,MIAA,MIAA,MIAA
Lehigh,None,None,None,None,None,None,None,None,None,None,None,None,None,None,None,Ind,Ind,Ind,Ind,Ind,Ind,Ind,Ind,Ind,Ind,Ind,Ind,Ind,Ind,Ind,Ind,Ind,Ind,Ind,Ind,Ind,Ind,Ind,Ind,Ind,Ind,Ind,Ind,Ind,Ind,Ind,Ind,Ind,Ind,Ind,Ind,None,Ind,Ind,Ind,Ind,Ind
Cincinnati,None,None,None,None,None,None,None,None,None,None,None,None,None,None,None,None,Ind,Ind,Ind,Ind,Ind,Ind,Ind,Ind,Ind,Ind,Ind,Ind,Ind,Ind,Ind,Ind,Ind,Ind,Ind,Ind,Ind,Ind,None,Ind,Ind,OAC,OAC,OAC,OAC,OAC,OAC,OAC,OAC,OAC,OAC,OAC,OAC,OAC,OAC,OAC,OAC
California,None,None,None,None,None,None,None,None,None,None,None,None,None,None,None,None,None,Ind,Ind,Ind,Ind,Ind,Ind,Ind,Ind,Ind,Ind,Ind,Ind,Ind,Ind,Ind,Ind,Ind,Ind,Ind,Ind,None,None,None,None,None,None,None,None,None,Ind,PAC-12,PAC-12,PAC-12,PAC-12,PAC-12,PAC-12,PAC-12,PAC-12,PAC-12,PAC-12
Vermont,None,None,None,None,None,None,None,None,None,None,None,None,None,None,None,None,None,Ind,Ind,None,None,None,None,None,None,None,None,None,Ind,Ind,Ind,Ind,Ind,Ind,Ind,Ind,Ind,Ind,Ind,Ind,Ind,Ind,Ind,Ind,Ind,Ind,Ind,Ind,None,Ind,Ind,Ind,Ind,Ind,Ind,Ind,Ind
Trinity,None,None,None,None,None,None,None,None,None,None,None,None,None,None,None,None,None,None,NEIFA,Ind,None,None,None,None,None,Ind,Ind,None,Ind,None,None,None,None,None,None,None,None,None,None,None,Ind,Ind,Ind,None,None,None,None,None,None,None,None,None,None,None,None,None,None
Cornell,None,None,None,None,None,None,None,None,None,None,None,None,None,None,None,None,None,None,Ind,Ind,Ind,Ind,Ind,Ind,Ind,Ind,Ind,Ind,Ind,Ind,Ind,Ind,Ind,Ind,Ind,Ind,Ind,Ind,Ind,Ind,Ind,Ind,Ind,Ind,Ind,Ind,Ind,Ind,Ind,None,Ind,Ind,Ind,Ind,Ind,Ind,Ind
Franklin & Marshall,None,None,None,None,None,None,None,None,None,None,None,None,None,None,None,None,None,None,Ind,None,Ind,Ind,PIFA,Ind,Ind,Ind,Ind,Ind,Ind,Ind,Ind,Ind,Ind,Ind,Ind,Ind,Ind,Ind,Ind,Ind,Ind,Ind,Ind,Ind,Ind,Ind,Ind,Ind,Ind,Ind,Ind,Ind,Ind,Ind,Ind,Ind,Ind
Washington (STL),None,None,None,None,None,None,None,None,None,None,None,None,None,None,None,None,None,None,Ind,Ind,Ind,Ind,Ind,Ind,Ind,Ind,Ind,Ind,None,Ind,Ind,Ind,Ind,Ind,Ind,Ind,Ind,Ind,MVC,MVC,MVC,MVC,MVC,MVC,MVC,MVC,MVC,MVC,MVC,MVC,MVC,MVC,MVC,MVC,MVC,MVC,MVC
Indiana,None,None,None,None,None,None,None,None,None,None,None,None,None,None,None,None,None,None,Ind,Ind,Ind,IIAA,IIAA,IIAA,IIAA,IIAA,Ind,Ind,Ind,Ind,Ind,BIG 10,BIG 10,BIG 10,BIG 10,BIG 10,BIG 10,BIG 10,BIG 10,BIG 10,BIG 10,BIG 10,BIG 10,BIG 10,BIG 10,BIG 10,BIG 10,BIG 10,BIG 10,BIG 10,BIG 10,BIG 10,BIG 10,BIG 10,BIG 10,BIG 10,BIG 10
Purdue,None,None,None,None,None,None,None,None,None,None,None,None,None,None,None,None,None,None,Ind,None,Ind,IIAA,IIAA,IIAA,IIAA,IIAA,Ind,BIG 10,BIG 10,BIG 10,BIG 10,BIG 10,BIG 10,BIG 10,BIG 10,BIG 10,BIG 10,BIG 10,BIG 10,BIG 10,BIG 10,BIG 10,BIG 10,BIG 10,BIG 10,BIG 10,BIG 10,BIG 10,BIG 10,BIG 10,BIG 10,BIG 10,BIG 10,BIG 10,BIG 10,BIG 10,BIG 10
Notre Dame,None,None,None,None,None,None,None,None,None,None,None,None,None,None,None,None,None,None,Ind,Ind,Ind,None,None,Ind,Ind,Ind,Ind,Ind,Ind,Ind,Ind,Ind,Ind,Ind,Ind,Ind,Ind,Ind,Ind,Ind,Ind,Ind,Ind,Ind,Ind,Ind,Ind,Ind,Ind,Ind,Ind,Ind,Ind,Ind,IIC,IIC,Ind
Virginia,None,None,None,None,None,None,None,None,None,None,None,None,None,None,None,None,None,None,Ind,Ind,Ind,Ind,Ind,Ind,Ind,Ind,Ind,Ind,Ind,Ind,Ind,Ind,Ind,Ind,Ind,Ind,Ind,Ind,Ind,Ind,Ind,Ind,Ind,SAIAA,SAIAA,SAIAA,SAIAA,SAIAA,None,None,SAIAA,SAIAA,SAIAA,SoCon,SoCon,SoCon,SoCon
WPI,None,None,None,None,None,None,None,None,None,None,None,None,None,None,None,None,None,None,None,Ind,None,None,None,None,Ind,None,None,None,None,None,None,None,None,None,None,None,None,None,None,None,None,None,None,None,None,None,Ind,None,None,None,None,None,None,None,None,None,None
Miami,None,None,None,None,None,None,None,None,None,None,None,None,None,None,None,None,None,None,None,Ind,Ind,None,Ind,Ind,Ind,Ind,Ind,Ind,None,Ind,Ind,Ind,Ind,Ind,Ind,Ind,Ind,None,Ind,Ind,Ind,OAC,OAC,OAC,OAC,OAC,OAC,OAC,OAC,OAC,OAC,OAC,OAC,OAC,OAC,OAC,OAC
Duke,None,None,None,None,None,None,None,None,None,None,None,None,None,None,None,None,None,None,None,Ind,Ind,Ind,Ind,Ind,Ind,Ind,None,None,None,None,None,None,None,None,None,None,None,None,None,None,None,None,None,None,None,None,None,None,None,None,None,Ind,SAIAA,Ind,Ind,Ind,Ind
Wake Forest,None,None,None,None,None,None,None,None,None,None,None,None,None,None,None,None,None,None,None,Ind,Ind,None,Ind,Ind,Ind,None,Ind,None,None,None,None,None,None,None,None,None,None,None,None,Ind,Ind,Ind,Ind,Ind,Ind,Ind,Ind,Ind,Ind,Ind,Ind,Ind,Ind,Ind,Ind,Ind,Ind
North Carolina,None,None,None,None,None,None,None,None,None,None,None,None,None,None,None,None,None,None,None,Ind,Ind,None,Ind,Ind,Ind,Ind,Ind,Ind,Ind,Ind,SIAA,SIAA,SIAA,Ind,Ind,Ind,Ind,None,Ind,Ind,Ind,Ind,Ind,SAIAA,SAIAA,SAIAA,SAIAA,SAIAA,None,None,SAIAA,SAIAA,SAIAA,SoCon,SoCon,SoCon,SoCon
St John's,None,None,None,None,None,None,None,None,None,None,None,None,None,None,None,None,None,None,None,Ind,None,None,None,None,None,None,None,None,None,None,None,None,None,None,None,None,None,None,None,None,None,None,None,None,None,SAIAA,None,SAIAA,SAIAA,SAIAA,SAIAA,SAIAA,None,None,None,None,None
USC,None,None,None,None,None,None,None,None,None,None,None,None,None,None,None,None,None,None,None,Ind,Ind,None,Ind,None,Ind,Ind,Ind,Ind,Ind,Ind,Ind,Ind,Ind,Ind,Ind,Ind,Ind,Ind,Ind,Ind,Ind,Ind,None,None,None,Ind,Ind,Ind,Ind,Ind,Ind,Ind,Ind,PAC-12,PAC-12,PAC-12,PAC-12
Dickinson,None,None,None,None,None,None,None,None,None,None,None,None,None,None,None,None,None,None,None,None,Ind,None,PIFA,None,None,None,None,Ind,Ind,Ind,Ind,Ind,Ind,Ind,Ind,Ind,Ind,Ind,Ind,Ind,Ind,Ind,Ind,None,None,None,None,None,None,None,None,None,None,None,None,None,None
Grinnell,None,None,None,None,None,None,None,None,None,None,None,None,None,None,None,None,None,None,None,None,Ind,None,Ind,None,None,None,None,None,None,None,None,None,None,None,None,None,None,None,None,None,None,None,None,None,None,None,Ind,None,None,None,MVC,MVC,MVC,MVC,MVC,MVC,MVC
South Dakota,None,None,None,None,None,None,None,None,None,None,None,None,None,None,None,None,None,None,None,None,Ind,None,None,None,None,Ind,None,None,None,None,None,None,None,Ind,None,None,None,None,None,None,None,None,Ind,Ind,Ind,Ind,Ind,Ind,Ind,None,None,None,None,NCC,NCC,NCC,NCC
South Dakota State,None,None,None,None,None,None,None,None,None,None,None,None,None,None,None,None,None,None,None,None,Ind,None,None,None,None,None,None,None,Ind,Ind,Ind,Ind,Ind,Ind,Ind,Ind,Ind,Ind,Ind,Ind,Ind,Ind,Ind,None,None,None,Ind,None,None,None,None,Ind,Ind,NCC,NCC,NCC,NCC
Iowa,None,None,None,None,None,None,None,None,None,None,None,None,None,None,None,None,None,None,None,None,Ind,Ind,Ind,WIUFA,WIUFA,WIUFA,WIUFA,WIUFA,WIUFA,Ind,Ind,BIG 10,BIG 10,BIG 10,BIG 10,BIG 10,BIG 10,BIG 10,MVC/BIG 10,MVC/BIG 10,MVC/BIG 10,MVC/BIG 10,BIG 10,BIG 10,BIG 10,BIG 10,BIG 10,BIG 10,BIG 10,BIG 10,BIG 10,BIG 10,BIG 10,BIG 10,BIG 10,BIG 10,BIG 10
Wisconsin,None,None,None,None,None,None,None,None,None,None,None,None,None,None,None,None,None,None,None,None,Ind,Ind,Ind,IAAN,IAAN,Ind,Ind,BIG 10,BIG 10,BIG 10,BIG 10,BIG 10,BIG 10,BIG 10,BIG 10,BIG 10,BIG 10,BIG 10,BIG 10,BIG 10,BIG 10,BIG 10,BIG 10,BIG 10,BIG 10,BIG 10,BIG 10,BIG 10,BIG 10,BIG 10,BIG 10,BIG 10,BIG 10,BIG 10,BIG 10,BIG 10,BIG 10
Delaware,None,None,None,None,None,None,None,None,None,None,None,None,None,None,None,None,None,None,None,None,Ind,Ind,Ind,Ind,Ind,Ind,Ind,Ind,Ind,Ind,Ind,Ind,Ind,Ind,Ind,Ind,Ind,Ind,Ind,None,Ind,Ind,Ind,Ind,Ind,Ind,Ind,Ind,Ind,Ind,Ind,Ind,Ind,Ind,Ind,Ind,Ind
Wesley,None,None,None,None,None,None,None,None,None,None,None,None,None,None,None,None,None,None,None,None,Ind,None,None,None,None,None,None,None,None,None,None,None,Ind,None,None,None,None,None,None,None,None,None,None,None,None,None,None,None,None,None,None,None,None,None,None,None,None
Furman,None,None,None,None,None,None,None,None,None,None,None,None,None,None,None,None,None,None,None,None,Ind,Ind,Ind,Ind,Ind,None,Ind,Ind,None,None,None,Ind,Ind,SIAA,None,None,None,None,None,None,None,None,None,None,Ind,Ind,SIAA,SIAA,SIAA,SIAA,SIAA,SIAA,SIAA,SIAA,SIAA,SIAA,SIAA
Washington,None,None,None,None,None,None,None,None,None,None,None,None,None,None,None,None,None,None,None,None,Ind,Ind,Ind,Ind,Ind,Ind,Ind,Ind,Ind,Ind,Ind,Ind,Ind,NWIAA,Ind,Ind,Ind,Ind,Ind,NWC,NWC,NWC,None,NWC,NWC,NWC,NWC,NWC/PAC-12,NWC/PAC-12,PAC-12,PAC-12,PAC-12,PAC-12,NWC/PAC-12,NWC/PAC-12,NWC/PAC-12,NWC/PAC-12
Colorado Mines,None,None,None,None,None,None,None,None,None,None,None,None,None,None,None,None,None,None,None,None,None,CIAC,CIAC,CIAC,CIAC,CIAC,CIAC,CIAC,CIAC,CIAC,CIAC,CIAC,CIAC,CIAC,CIAC,CIAC,None,CIAC,CIAC,CIAC,RMAC,RMAC,RMAC,RMAC,RMAC,RMAC,RMAC,RMAC,RMAC,RMAC,RMAC,RMAC,RMAC,RMAC,RMAC,RMAC,RMAC
Colorado,None,None,None,None,None,None,None,None,None,None,None,None,None,None,None,None,None,None,None,None,None,CIAC,Ind,CIAC,CIAC,CIAC,CIAC,CIAC,CIAC,CIAC,CIAC,CIAC,CIAC,CIAC,CIAC,CIAC,Ind,CIAC,CIAC,CIAC,RMAC,RMAC,RMAC,RMAC,RMAC,RMAC,RMAC,RMAC,RMAC,RMAC,RMAC,RMAC,RMAC,RMAC,RMAC,RMAC,RMAC
Bowdoin,None,None,None,None,None,None,None,None,None,None,None,None,None,None,None,None,None,None,None,None,None,NEIFA,None,None,None,None,None,None,None,None,None,None,None,None,None,None,None,None,None,None,None,None,None,None,None,None,None,None,None,None,None,None,None,None,None,None,None
Washington & Jefferson,None,None,None,None,None,None,None,None,None,None,None,None,None,None,None,None,None,None,None,None,None,Ind,Ind,Ind,Ind,Ind,Ind,Ind,Ind,Ind,Ind,Ind,Ind,Ind,Ind,Ind,Ind,Ind,Ind,Ind,Ind,Ind,Ind,Ind,Ind,Ind,Ind,Ind,Ind,Ind,Ind,Ind,Ind,Ind,Ind,Ind,Ind
Syracuse,None,None,None,None,None,None,None,None,None,None,None,None,None,None,None,None,None,None,None,None,None,Ind,Ind,Ind,Ind,Ind,Ind,Ind,Ind,Ind,Ind,Ind,Ind,Ind,Ind,Ind,Ind,Ind,Ind,Ind,Ind,Ind,Ind,Ind,Ind,Ind,Ind,Ind,Ind,Ind,Ind,Ind,Ind,Ind,Ind,Ind,Ind
Springfield,None,None,None,None,None,None,None,None,None,None,None,None,None,None,None,None,None,None,None,None,None,Ind,Ind,None,None,None,None,None,None,None,None,None,None,Ind,Ind,Ind,Ind,Ind,Ind,Ind,Ind,None,None,None,None,None,None,None,None,None,None,None,Ind,Ind,Ind,Ind,Ind
Pittsburgh,None,None,None,None,None,None,None,None,None,None,None,None,None,None,None,None,None,None,None,None,None,Ind,Ind,Ind,Ind,Ind,Ind,Ind,Ind,Ind,Ind,Ind,Ind,Ind,Ind,Ind,Ind,Ind,Ind,Ind,Ind,Ind,Ind,Ind,Ind,Ind,Ind,Ind,Ind,Ind,Ind,Ind,Ind,Ind,Ind,Ind,Ind
Colgate,None,None,None,None,None,None,None,None,None,None,None,None,None,None,None,None,None,None,None,None,None,Ind,Ind,Ind,Ind,Ind,Ind,Ind,Ind,Ind,Ind,Ind,Ind,Ind,Ind,Ind,Ind,Ind,Ind,Ind,Ind,Ind,Ind,Ind,Ind,Ind,Ind,Ind,Ind,None,Ind,Ind,Ind,Ind,Ind,Ind,Ind
Army,None,None,None,None,None,None,None,None,None,None,None,None,None,None,None,None,None,None,None,None,None,Ind,Ind,Ind,Ind,Ind,Ind,Ind,Ind,Ind,Ind,Ind,Ind,Ind,Ind,Ind,Ind,Ind,Ind,Ind,Ind,Ind,Ind,Ind,Ind,Ind,Ind,Ind,Ind,Ind,Ind,Ind,Ind,Ind,Ind,Ind,Ind
Geneva,None,None,None,None,None,None,None,None,None,None,None,None,None,None,None,None,None,None,None,None,None,Ind,Ind,Ind,Ind,Ind,Ind,Ind,Ind,Ind,Ind,Ind,Ind,Ind,Ind,Ind,Ind,None,Ind,Ind,Ind,Ind,Ind,Ind,Ind,Ind,Ind,Ind,Ind,Ind,Ind,Ind,Ind,Ind,Ind,TSC,TSC
Nebraska,None,None,None,None,None,None,None,None,None,None,None,None,None,None,None,None,None,None,None,None,None,Ind,Ind,WIUFA,WIUFA,WIUFA,WIUFA,WIUFA,WIUFA,Ind,Ind,Ind,Ind,Ind,Ind,Ind,Ind,Ind,MVC,MVC,MVC,MVC,MVC,MVC,MVC,MVC,MVC,MVC,MVC,MVC,Ind,Ind,MVC,MVC,MVC,MVC,MVC
Missouri,None,None,None,None,None,None,None,None,None,None,None,None,None,None,None,None,None,None,None,None,None,Ind,Ind,WIUFA,WIUFA,WIUFA,WIUFA,WIUFA,WIUFA,Ind,Ind,Ind,Ind,Ind,Ind,Ind,Ind,Ind,MVC,MVC,MVC,MVC,MVC,MVC,MVC,MVC,MVC,MVC,MVC,None,MVC,MVC,MVC,MVC,MVC,MVC,MVC
Baker,None,None,None,None,None,None,None,None,None,None,None,None,None,None,None,None,None,None,None,None,None,Ind,None,None,Ind,None,None,None,None,None,None,None,None,None,None,None,None,None,None,None,None,None,None,None,KCAC,KCAC,KCAC,KCAC,KCAC,KCAC,KCAC,KCAC,KCAC,KCAC,KCAC,KCAC,KCAC
Illinois,None,None,None,None,None,None,None,None,None,None,None,None,None,None,None,None,None,None,None,None,None,Ind,Ind,Ind,Ind,Ind,Ind,BIG 10,BIG 10,BIG 10,BIG 10,BIG 10,BIG 10,BIG 10,BIG 10,BIG 10,BIG 10,BIG 10,BIG 10,BIG 10,BIG 10,BIG 10,BIG 10,BIG 10,BIG 10,BIG 10,BIG 10,BIG 10,BIG 10,BIG 10,BIG 10,BIG 10,BIG 10,BIG 10,BIG 10,BIG 10,BIG 10
Kansas,None,None,None,None,None,None,None,None,None,None,None,None,None,None,None,None,None,None,None,None,None,Ind,Ind,WIUFA,WIUFA,WIUFA,WIUFA,WIUFA,WIUFA,Ind,Ind,Ind,Ind,Ind,Ind,Ind,Ind,Ind,MVC,MVC,MVC,MVC,MVC,MVC,MVC,MVC,MVC,MVC,MVC,MVC,MVC,MVC,MVC,MVC,MVC,MVC,MVC
Ohio Wesleyan,None,None,None,None,None,None,None,None,None,None,None,None,None,None,None,None,None,None,None,None,None,Ind,Ind,Ind,Ind,Ind,Ind,Ind,Ind,Ind,Ind,Ind,Ind,OAC,OAC,OAC,OAC,OAC,OAC,OAC,OAC,OAC,OAC,OAC,OAC,OAC,OAC,OAC,OAC,OAC,OAC,OAC,OAC,OAC,OAC,OAC,OAC
Ohio State,None,None,None,None,None,None,None,None,None,None,None,None,None,None,None,None,None,None,None,None,None,Ind,Ind,Ind,Ind,Ind,Ind,Ind,Ind,Ind,Ind,Ind,Ind,OAC,OAC,OAC,OAC,OAC,OAC,OAC,OAC,OAC,OAC,OAC,OAC/BIG 10,OAC/BIG 10,OAC/BIG 10,OAC/BIG 10,OAC/BIG 10,OAC/BIG 10,OAC/BIG 10,OAC/BIG 10,OAC/BIG 10,BIG 10,BIG 10,BIG 10,BIG 10
Doane,None,None,None,None,None,None,None,None,None,None,None,None,None,None,None,None,None,None,None,None,None,Ind,Ind,Ind,Ind,Ind,Ind,Ind,None,None,Ind,Ind,Ind,Ind,Ind,Ind,Ind,Ind,Ind,Ind,Ind,Ind,Ind,Ind,Ind,Ind,Ind,None,None,None,NCAC,NCAC,NCAC,NCAC,NCAC,NCAC,NCAC
Washburn,None,None,None,None,None,None,None,None,None,None,None,None,None,None,None,None,None,None,None,None,None,Ind,Ind,Ind,Ind,Ind,None,Ind,Ind,Ind,Ind,Ind,Ind,Ind,None,None,None,None,KCAC,None,None,None,None,None,KCAC,KCAC,KCAC,KCAC,KCAC,None,KCAC,KCAC,KCAC,KCAC,KCAC,KCAC,KCAC
Case Western Reserve,None,None,None,None,None,None,None,None,None,None,None,None,None,None,None,None,None,None,None,None,None,Ind,None,None,None,Ind,None,None,None,Ind,Ind,None,None,OAC,OAC,OAC,OAC,OAC,OAC,OAC,OAC,OAC,OAC,OAC,OAC,OAC,OAC,OAC,OAC,OAC,OAC,OAC,OAC,OAC,OAC,OAC,OAC
Vanderbilt,None,None,None,None,None,None,None,None,None,None,None,None,None,None,None,None,None,None,None,None,None,Ind,Ind,Ind,Ind,Ind,SIAA,SIAA,SIAA,SIAA,SIAA,SIAA,SIAA,SIAA,SIAA,SIAA,SIAA,SIAA,SIAA,SIAA,SIAA,SIAA,SIAA,SIAA,SIAA,SIAA,SIAA,SIAA,SIAA,SIAA,SIAA,SIAA,SIAA,SoCon/SIAA,SoCon/SIAA,SoCon/SIAA,SoCon
Nashville,None,None,None,None,None,None,None,None,None,None,None,None,None,None,None,None,None,None,None,None,None,Ind,None,None,None,None,None,SIAA,SIAA,SIAA,SIAA,SIAA,Ind,SIAA,SIAA,SIAA,SIAA,SIAA,SIAA,SIAA,None,None,None,None,None,None,None,None,None,None,None,None,None,None,None,None,None
Case Tech,None,None,None,None,None,None,None,None,None,None,None,None,None,None,None,None,None,None,None,None,None,None,Ind,None,Ind,Ind,None,None,None,None,None,None,Ind,OAC,OAC,OAC,OAC,OAC,OAC,OAC,OAC,OAC,OAC,OAC,OAC,OAC,OAC,OAC,OAC,OAC,OAC,OAC,OAC,OAC,OAC,OAC,OAC
Akron,None,None,None,None,None,None,None,None,None,None,None,None,None,None,None,None,None,None,None,None,None,None,Ind,Ind,Ind,Ind,Ind,Ind,None,None,Ind,Ind,None,Ind,Ind,None,None,None,None,Ind,Ind,Ind,Ind,Ind,Ind,Ind,OAC,OAC,OAC,OAC,OAC,OAC,OAC,OAC,OAC,OAC,OAC
Eastern Michigan,None,None,None,None,None,None,None,None,None,None,None,None,None,None,None,None,None,None,None,None,None,None,Ind,Ind,Ind,MIAA,Ind,MIAA,MIAA,MIAA,MIAA,MIAA,MIAA,Ind,Ind,Ind,Ind,Ind,Ind,Ind,Ind,Ind,Ind,Ind,Ind,Ind,Ind,Ind,Ind,Ind,None,MIAA,MIAA,MIAA,MIAA,MIAA,MIAA
Sewanee,None,None,None,None,None,None,None,None,None,None,None,None,None,None,None,None,None,None,None,None,None,None,Ind,Ind,Ind,Ind,SIAA,SIAA,SIAA,SIAA,SIAA,SIAA,Ind,SIAA,SIAA,SIAA,SIAA,SIAA,SIAA,SIAA,SIAA,SIAA,SIAA,SIAA,SIAA,SIAA,SIAA,SIAA,SIAA,None,SIAA,SIAA,SIAA,SIAA,SIAA,SoCon/SIAA,SoCon
Central,None,None,None,None,None,None,None,None,None,None,None,None,None,None,None,None,None,None,None,None,None,None,Ind,Ind,Ind,None,Ind,SIAA,SIAA,Ind,SIAA,None,None,None,None,None,None,None,None,None,None,None,None,None,None,None,None,None,None,None,None,None,None,None,None,None,None
Tennessee,None,None,None,None,None,None,None,None,None,None,None,None,None,None,None,None,None,None,None,None,None,None,Ind,Ind,Ind,Ind,Ind,SIAA,SIAA,None,SIAA,SIAA,SIAA,SIAA,SIAA,SIAA,SIAA,SIAA,SIAA,SIAA,SIAA,SIAA,SIAA,SIAA,SIAA,SIAA,SIAA,SIAA,Ind,Ind,SIAA,SIAA,SIAA,SoCon,SoCon,SoCon,SoCon
West Virginia,None,None,None,None,None,None,None,None,None,None,None,None,None,None,None,None,None,None,None,None,None,None,Ind,None,Ind,Ind,Ind,Ind,Ind,Ind,Ind,Ind,Ind,Ind,Ind,Ind,Ind,Ind,Ind,Ind,Ind,Ind,Ind,Ind,Ind,Ind,Ind,Ind,Ind,None,Ind,Ind,Ind,Ind,Ind,Ind,WVAC
Stanford,None,None,None,None,None,None,None,None,None,None,None,None,None,None,None,None,None,None,None,None,None,None,Ind,Ind,Ind,Ind,Ind,Ind,Ind,Ind,Ind,Ind,Ind,Ind,Ind,Ind,Ind,None,None,None,None,None,None,None,None,None,None,None,None,None,PAC-12,PAC-12,PAC-12,PAC-12,PAC-12,PAC-12,PAC-12
Colorado State,None,None,None,None,None,None,None,None,None,None,None,None,None,None,None,None,None,None,None,None,None,None,None,CIAC,CIAC,CIAC,None,None,None,None,CIAC,CIAC,CIAC,CIAC,CIAC,CIAC,None,CIAC,CIAC,CIAC,RMAC,RMAC,RMAC,RMAC,RMAC,RMAC,RMAC,RMAC,RMAC,RMAC,RMAC,RMAC,RMAC,RMAC,RMAC,RMAC,RMAC
Drexel,None,None,None,None,None,None,None,None,None,None,None,None,None,None,None,None,None,None,None,None,None,None,None,Ind,Ind,Ind,Ind,Ind,Ind,Ind,Ind,Ind,Ind,Ind,None,None,Ind,Ind,Ind,Ind,Ind,None,None,None,None,None,None,None,None,Ind,Ind,Ind,Ind,Ind,Ind,Ind,Ind
Oberlin,None,None,None,None,None,None,None,None,None,None,None,None,None,None,None,None,None,None,None,None,None,None,None,Ind,Ind,Ind,None,None,None,None,None,None,None,OAC,OAC,OAC,OAC,OAC,OAC,OAC,OAC,OAC,OAC,OAC,OAC,OAC,OAC,OAC,OAC,OAC,OAC,OAC,OAC,OAC,OAC,OAC,OAC
Iowa State,None,None,None,None,None,None,None,None,None,None,None,None,None,None,None,None,None,None,None,None,None,None,None,Ind,Ind,Ind,Ind,Ind,Ind,Ind,Ind,Ind,Ind,Ind,Ind,Ind,Ind,Ind,Ind,MVC,MVC,MVC,MVC,MVC,MVC,MVC,MVC,MVC,MVC,MVC,MVC,MVC,MVC,MVC,MVC,MVC,MVC
Chicago,None,None,None,None,None,None,None,None,None,None,None,None,None,None,None,None,None,None,None,None,None,None,None,Ind,Ind,Ind,Ind,BIG 10,BIG 10,BIG 10,BIG 10,BIG 10,BIG 10,BIG 10,BIG 10,BIG 10,BIG 10,BIG 10,BIG 10,BIG 10,BIG 10,BIG 10,BIG 10,BIG 10,BIG 10,BIG 10,BIG 10,BIG 10,BIG 10,BIG 10,BIG 10,BIG 10,BIG 10,BIG 10,BIG 10,BIG 10,BIG 10
Hillsdale,None,None,None,None,None,None,None,None,None,None,None,None,None,None,None,None,None,None,None,None,None,None,None,Ind,Ind,MIAA,MIAA,MIAA,MIAA,MIAA,MIAA,MIAA,MIAA,MIAA,MIAA,MIAA,MIAA,MIAA,MIAA,MIAA,MIAA,MIAA,MIAA,MIAA,MIAA,MIAA,MIAA,MIAA,MIAA,None,MIAA,MIAA,MIAA,MIAA,MIAA,MIAA,MIAA
Heidelberg,None,None,None,None,None,None,None,None,None,None,None,None,None,None,None,None,None,None,None,None,None,None,None,Ind,Ind,None,None,Ind,Ind,Ind,Ind,Ind,Ind,Ind,Ind,Ind,Ind,Ind,OAC,OAC,OAC,Ind,Ind,Ind,Ind,Ind,Ind,Ind,Ind,Ind,Ind,OAC,OAC,OAC,OAC,OAC,OAC
Marquette,None,None,None,None,None,None,None,None,None,None,None,None,None,None,None,None,None,None,None,None,None,None,None,Ind,None,None,None,None,None,None,None,None,Ind,Ind,Ind,Ind,Ind,Ind,Ind,Ind,Ind,Ind,Ind,Ind,Ind,Ind,Ind,Ind,Ind,Ind,Ind,Ind,Ind,Ind,Ind,Ind,Ind
Wittenberg,None,None,None,None,None,None,None,None,None,None,None,None,None,None,None,None,None,None,None,None,None,None,None,Ind,None,Ind,Ind,Ind,Ind,Ind,Ind,Ind,Ind,Ind,Ind,Ind,Ind,Ind,Ind,Ind,OAC,OAC,OAC,OAC,OAC,OAC,OAC,OAC,OAC,OAC,OAC,OAC,OAC,OAC,OAC,OAC,OAC
Loyola Chicago,None,None,None,None,None,None,None,None,None,None,None,None,None,None,None,None,None,None,None,None,None,None,None,Ind,None,None,None,Ind,None,None,None,None,None,None,None,None,None,None,None,None,None,None,Ind,None,None,None,None,None,None,None,None,None,None,None,Ind,Ind,Ind
Kalamazoo,None,None,None,None,None,None,None,None,None,None,None,None,None,None,None,None,None,None,None,None,None,None,None,Ind,Ind,Ind,Ind,None,MIAA,MIAA,MIAA,MIAA,MIAA,MIAA,MIAA,MIAA,MIAA,MIAA,MIAA,MIAA,MIAA,MIAA,MIAA,MIAA,MIAA,MIAA,MIAA,MIAA,MIAA,None,MIAA,MIAA,MIAA,MIAA,MIAA,MIAA,MIAA
Johnson C. Smith,None,None,None,None,None,None,None,None,None,None,None,None,None,None,None,None,None,None,None,None,None,None,None,Ind,None,None,None,None,None,None,None,None,None,None,None,None,None,None,None,None,None,None,None,Ind,None,None,None,None,None,None,None,None,None,None,None,None,None
NC State,None,None,None,None,None,None,None,None,None,None,None,None,None,None,None,None,None,None,None,None,None,None,None,Ind,Ind,Ind,Ind,Ind,Ind,Ind,Ind,Ind,Ind,Ind,Ind,Ind,Ind,Ind,Ind,Ind,Ind,Ind,Ind,SAIAA,SAIAA,SAIAA,SAIAA,SAIAA,SAIAA,SAIAA,SAIAA,SAIAA,SAIAA,SoCon,SoCon,SoCon,SoCon
Alabama,None,None,None,None,None,None,None,None,None,None,None,None,None,None,None,None,None,None,None,None,None,None,None,Ind,Ind,Ind,SIAA,SIAA,SIAA,None,SIAA,SIAA,SIAA,SIAA,SIAA,SIAA,SIAA,SIAA,SIAA,SIAA,SIAA,SIAA,SIAA,SIAA,SIAA,SIAA,SIAA,SIAA,SIAA,None,SIAA,SIAA,SIAA,SoCon,SoCon,SoCon,SoCon
Auburn,None,None,None,None,None,None,None,None,None,None,None,None,None,None,None,None,None,None,None,None,None,None,None,Ind,Ind,Ind,SIAA,SIAA,SIAA,SIAA,SIAA,SIAA,SIAA,SIAA,SIAA,SIAA,SIAA,SIAA,SIAA,SIAA,SIAA,SIAA,SIAA,SIAA,SIAA,SIAA,SIAA,SIAA,SIAA,SIAA,SIAA,SIAA,SIAA,SoCon,SoCon,SoCon,SoCon
Georgia,None,None,None,None,None,None,None,None,None,None,None,None,None,None,None,None,None,None,None,None,None,None,None,Ind,Ind,Ind,SIAA,SIAA,SIAA,SIAA,SIAA,SIAA,SIAA,SIAA,SIAA,SIAA,SIAA,SIAA,SIAA,SIAA,SIAA,SIAA,SIAA,SIAA,SIAA,SIAA,SIAA,SIAA,None,None,SIAA,SIAA,SIAA,SoCon,SoCon,SoCon,SoCon
Virginia Tech,None,None,None,None,None,None,None,None,None,None,None,None,None,None,None,None,None,None,None,None,None,None,None,Ind,Ind,Ind,Ind,Ind,Ind,Ind,Ind,Ind,Ind,Ind,Ind,Ind,Ind,Ind,Ind,Ind,Ind,None,Ind,SAIAA,SAIAA,SAIAA,SAIAA,SAIAA,SAIAA,SAIAA,SAIAA,SAIAA,SAIAA,SoCon,SoCon,SoCon,SoCon
McDaniel,None,None,None,None,None,None,None,None,None,None,None,None,None,None,None,None,None,None,None,None,None,None,None,Ind,Ind,None,None,None,None,None,None,None,None,None,None,None,None,None,None,None,None,None,None,None,None,None,None,None,None,None,None,None,None,None,None,None,None
Mercer,None,None,None,None,None,None,None,None,None,None,None,None,None,None,None,None,None,None,None,None,None,None,None,Ind,Ind,None,None,SIAA,None,None,None,None,None,None,SIAA,None,None,SIAA,SIAA,SIAA,SIAA,SIAA,SIAA,SIAA,SIAA,SIAA,SIAA,SIAA,None,None,SIAA,SIAA,SIAA,SIAA,SIAA,SIAA,SIAA
Hampden-Sydney,None,None,None,None,None,None,None,None,None,None,None,None,None,None,None,None,None,None,None,None,None,None,None,Ind,Ind,Ind,None,None,None,None,None,None,None,None,None,None,None,None,None,EVIAA,EVIAA,EVIAA,None,EVIAA,EVIAA,EVIAA,EVIAA,EVIAA,EVIAA,None,None,None,None,None,None,None,None
Livingstone,None,None,None,None,None,None,None,None,None,None,None,None,None,None,None,None,None,None,None,None,None,None,None,Ind,None,None,None,None,None,None,None,None,None,None,Ind,None,None,None,None,None,None,None,None,Ind,None,None,None,None,None,None,None,None,None,None,None,None,None
Maryville,None,None,None,None,None,None,None,None,None,None,None,None,None,None,None,None,None,None,None,None,None,None,None,Ind,Ind,None,None,None,None,None,None,None,None,None,None,None,None,None,None,None,None,None,None,None,None,Ind,None,None,None,None,None,None,None,None,None,None,None
South Carolina,None,None,None,None,None,None,None,None,None,None,None,None,None,None,None,None,None,None,None,None,None,None,None,Ind,None,Ind,Ind,Ind,Ind,Ind,Ind,Ind,Ind,Ind,Ind,Ind,Ind,None,Ind,None,Ind,Ind,Ind,Ind,Ind,Ind,SIAA,SIAA,SIAA,SIAA,SIAA,SIAA,SIAA,SoCon,SoCon,SoCon,SoCon
Georgia Tech,None,None,None,None,None,None,None,None,None,None,None,None,None,None,None,None,None,None,None,None,None,None,None,Ind,Ind,Ind,None,Ind,Ind,SIAA,SIAA,SIAA,Ind,SIAA,SIAA,SIAA,SIAA,SIAA,SIAA,SIAA,SIAA,SIAA,SIAA,SIAA,SIAA,Ind,Ind,SIAA,SIAA,SIAA,SIAA,SIAA,SIAA,SoCon,SoCon,SoCon,SoCon
Maryland,None,None,None,None,None,None,None,None,None,None,None,None,None,None,None,None,None,None,None,None,None,None,None,Ind,Ind,MIFA,None,MIFA,MIFA,Ind,Ind,Ind,Ind,Ind,Ind,Ind,Ind,None,Ind,Ind,Ind,Ind,Ind,Ind,Ind,Ind,Ind,Ind,SAIAA,SAIAA,SAIAA,SAIAA,SAIAA,SoCon,SoCon,SoCon,SoCon
Saint Mary's,None,None,None,None,None,None,None,None,None,None,None,None,None,None,None,None,None,None,None,None,None,None,None,Ind,Ind,Ind,Ind,Ind,None,Ind,None,None,None,None,None,None,None,None,None,None,None,None,None,None,None,None,Ind,Ind,Ind,Ind,Ind,Ind,Ind,Ind,Ind,Ind,NCLAC
Utah State,None,None,None,None,None,None,None,None,None,None,None,None,None,None,None,None,None,None,None,None,None,None,None,Ind,None,None,None,Ind,None,Ind,Ind,Ind,Ind,Ind,Ind,Ind,Ind,Ind,Ind,Ind,Ind,Ind,Ind,Ind,Ind,RMAC,RMAC,RMAC,RMAC,None,RMAC,RMAC,RMAC,RMAC,RMAC,RMAC,RMAC
Gonzaga,None,None,None,None,None,None,None,None,None,None,None,None,None,None,None,None,None,None,None,None,None,None,None,Ind,Ind,None,Ind,Ind,None,Ind,None,None,None,None,None,None,None,None,Ind,None,None,None,None,None,None,None,None,None,None,Ind,Ind,Ind,Ind,Ind,Ind,NWC,NWC
San Jose State,None,None,None,None,None,None,None,None,None,None,None,None,None,None,None,None,None,None,None,None,None,None,None,Ind,Ind,None,Ind,None,None,Ind,Ind,Ind,None,None,None,None,None,None,None,None,None,None,None,None,None,None,None,None,None,None,None,None,Ind,NCJCC,NCJCC,NCJCC,NCJCC
Utah,None,None,None,None,None,None,None,None,None,None,None,None,None,None,None,None,None,None,None,None,None,None,None,Ind,None,Ind,Ind,Ind,Ind,Ind,Ind,Ind,Ind,Ind,Ind,Ind,Ind,Ind,Ind,Ind,Ind,RMAC,RMAC,RMAC,RMAC,RMAC,RMAC,RMAC,RMAC,None,RMAC,RMAC,RMAC,RMAC,RMAC,RMAC,RMAC
Duquesne,None,None,None,None,None,None,None,None,None,None,None,None,None,None,None,None,None,None,None,None,None,None,None,None,Ind,Ind,None,Ind,Ind,Ind,Ind,Ind,Ind,Ind,Ind,None,None,None,None,None,None,None,None,None,Ind,Ind,None,None,None,None,None,Ind,Ind,Ind,Ind,TSC,TSC
Carlisle,None,None,None,None,None,None,None,None,None,None,None,None,None,None,None,None,None,None,None,None,None,None,None,None,Ind,Ind,Ind,Ind,Ind,Ind,Ind,Ind,Ind,Ind,Ind,Ind,Ind,Ind,Ind,Ind,Ind,Ind,Ind,Ind,Ind,Ind,Ind,Ind,Ind,None,None,None,None,None,None,None,None
Boston College,None,None,None,None,None,None,None,None,None,None,None,None,None,None,None,None,None,None,None,None,None,None,None,None,Ind,Ind,Ind,Ind,Ind,Ind,Ind,None,Ind,Ind,None,None,None,None,None,Ind,Ind,Ind,Ind,Ind,Ind,Ind,Ind,Ind,Ind,Ind,Ind,Ind,Ind,Ind,Ind,Ind,Ind
Boston University,None,None,None,None,None,None,None,None,None,None,None,None,None,None,None,None,None,None,None,None,None,None,None,None,Ind,None,None,None,None,None,None,None,None,None,None,None,None,None,None,None,None,None,None,None,None,None,None,None,None,None,None,Ind,Ind,Ind,Ind,Ind,Ind
New Hampshire,None,None,None,None,None,None,None,None,None,None,None,None,None,None,None,None,None,None,None,None,None,None,None,None,Ind,Ind,Ind,Ind,Ind,Ind,Ind,Ind,Ind,Ind,Ind,Ind,Ind,Ind,Ind,Ind,Ind,Ind,Ind,Ind,Ind,Ind,Ind,Ind,Ind,Ind,Ind,Ind,Ind,Ind,NELC,NELC,NELC
Maine,None,None,None,None,None,None,None,None,None,None,None,None,None,None,None,None,None,None,None,None,None,None,None,None,Ind,None,None,None,None,None,None,None,None,None,None,None,None,None,None,None,None,None,None,None,None,None,None,None,None,None,None,None,None,None,NELC,NELC,NELC
Beloit,None,None,None,None,None,None,None,None,None,None,None,None,None,None,None,None,None,None,None,None,None,None,None,None,Ind,Ind,None,Ind,None,None,None,Ind,Ind,None,None,None,None,Ind,None,None,None,None,None,None,None,None,None,None,None,None,None,None,None,MWC,MWC,MWC,MWC
Emporia State,None,None,None,None,None,None,None,None,None,None,None,None,None,None,None,None,None,None,None,None,None,None,None,None,Ind,None,None,None,None,None,None,None,None,None,None,None,None,None,None,None,None,None,None,None,KCAC,KCAC,KCAC,KCAC,KCAC,KCAC,KCAC,KCAC,KCAC,KCAC,KCAC,KCAC,KCAC
Mount Union,None,None,None,None,None,None,None,None,None,None,None,None,None,None,None,None,None,None,None,None,None,None,None,None,Ind,Ind,None,Ind,Ind,None,Ind,Ind,Ind,Ind,Ind,Ind,Ind,Ind,Ind,Ind,Ind,Ind,Ind,Ind,Ind,OAC,OAC,OAC,OAC,OAC,OAC,OAC,OAC,OAC,OAC,OAC,OAC
Drake,None,None,None,None,None,None,None,None,None,None,None,None,None,None,None,None,None,None,None,None,None,None,None,None,Ind,Ind,Ind,Ind,Ind,Ind,Ind,Ind,Ind,Ind,Ind,Ind,Ind,Ind,Ind,MVC,MVC,MVC,MVC,MVC,MVC,MVC,MVC,MVC,MVC,MVC,MVC,MVC,MVC,MVC,MVC,MVC,MVC
Baldwin-Wallace,None,None,None,None,None,None,None,None,None,None,None,None,None,None,None,None,None,None,None,None,None,None,None,None,Ind,Ind,Ind,Ind,Ind,Ind,Ind,None,None,None,Ind,None,Ind,None,Ind,Ind,None,None,None,Ind,None,None,OAC,OAC,OAC,OAC,OAC,None,None,Ind,Ind,OAC,OAC
Emporia,None,None,None,None,None,None,None,None,None,None,None,None,None,None,None,None,None,None,None,None,None,None,None,None,Ind,Ind,Ind,Ind,None,Ind,Ind,None,None,None,None,None,None,None,None,None,None,None,None,None,KCAC,KCAC,KCAC,KCAC,KCAC,KCAC,KCAC,KCAC,KCAC,KCAC,KCAC,KCAC,KCAC
Texas,None,None,None,None,None,None,None,None,None,None,None,None,None,None,None,None,None,None,None,None,None,None,None,None,Ind,Ind,Ind,SIAA,SIAA,SIAA,SIAA,SIAA,SIAA,SIAA,SIAA,SWIAA,SWIAA,None,Ind,Ind,Ind,Ind,Ind,TIAA,TIAA,TIAA,SWC,SWC,SWC,SWC,SWC/TIAA,SWC,SWC,SWC,SWC,SWC,SWC
Howard,None,None,None,None,None,None,None,None,None,None,None,None,None,None,None,None,None,None,None,None,None,None,None,None,Ind,None,None,None,None,None,None,None,None,None,None,None,None,None,None,None,None,None,None,CIAA,CIAA,CIAA,CIAA,CIAA,CIAA,CIAA,CIAA,CIAA,CIAA,CIAA,CIAA,CIAA,None
Ole Miss,None,None,None,None,None,None,None,None,None,None,None,None,None,None,None,None,None,None,None,None,None,None,None,None,Ind,Ind,Ind,Ind,None,SIAA,SIAA,SIAA,SIAA,SIAA,SIAA,SIAA,SIAA,SIAA,SIAA,SIAA,SIAA,SIAA,SIAA,SIAA,Ind,SIAA,SIAA,SIAA,SIAA,SIAA,SIAA,SIAA,SIAA,SoCon,SoCon,SoCon,SoCon
Guilford,None,None,None,None,None,None,None,None,None,None,None,None,None,None,None,None,None,None,None,None,None,None,None,None,Ind,None,Ind,None,Ind,Ind,Ind,None,None,None,None,None,None,None,None,None,None,None,None,None,None,None,Ind,None,None,None,None,None,None,None,None,None,None
William & Mary,None,None,None,None,None,None,None,None,None,None,None,None,None,None,None,None,None,None,None,None,None,None,None,None,Ind,Ind,None,Ind,Ind,Ind,Ind,Ind,Ind,Ind,None,None,None,None,None,EVIAA,EVIAA,EVIAA,None,EVIAA,EVIAA,EVIAA,EVIAA,SAIAA/EVIAA,SAIAA/EVIAA,SAIAA,SAIAA,SAIAA,SAIAA,Ind,Ind,Ind,Ind
Tulane,None,None,None,None,None,None,None,None,None,None,None,None,None,None,None,None,None,None,None,None,None,None,None,None,Ind,Ind,Ind,SIAA,None,SIAA,SIAA,SIAA,SIAA,SIAA,SIAA,SIAA,SIAA,SIAA,Ind,Ind,Ind,Ind,SIAA,SIAA,SIAA,SIAA,SIAA,SIAA,SIAA,None,SIAA,SIAA,SIAA,SoCon,SoCon,SoCon,SoCon
LSU,None,None,None,None,None,None,None,None,None,None,None,None,None,None,None,None,None,None,None,None,None,None,None,None,Ind,Ind,Ind,SIAA,SIAA,SIAA,SIAA,SIAA,SIAA,SIAA,SIAA,SIAA,SIAA,SIAA,SIAA,SIAA,SIAA,SIAA,SIAA,SIAA,SIAA,SIAA,SIAA,SIAA,SIAA,None,SIAA,SIAA,SIAA,SoCon,SoCon,SoCon,SoCon
Wofford,None,None,None,None,None,None,None,None,None,None,None,None,None,None,None,None,None,None,None,None,None,None,None,None,Ind,None,Ind,None,None,None,None,None,None,None,None,None,None,None,None,None,None,None,None,None,None,SIAA,SIAA,SIAA,SIAA,SIAA,None,SIAA,SIAA,None,SIAA,SIAA,SIAA
Pacific,None,None,None,None,None,None,None,None,None,None,None,None,None,None,None,None,None,None,None,None,None,None,None,None,Ind,None,Ind,None,None,Ind,Ind,Ind,None,None,None,None,None,None,None,None,None,None,None,None,None,None,None,None,None,None,None,None,None,None,NWC,NWC,NWC
Wyoming,None,None,None,None,None,None,None,None,None,None,None,None,None,None,None,None,None,None,None,None,None,None,None,None,Ind,Ind,Ind,Ind,Ind,Ind,Ind,Ind,Ind,Ind,Ind,Ind,Ind,Ind,Ind,Ind,Ind,Ind,RMAC,RMAC,RMAC,RMAC,RMAC,RMAC,RMAC,None,RMAC,RMAC,RMAC,RMAC,RMAC,RMAC,RMAC
Oregon State,None,None,None,None,None,None,None,None,None,None,None,None,None,None,None,None,None,None,None,None,None,None,None,None,Ind,None,None,Ind,Ind,Ind,Ind,None,Ind,NWIAA,Ind,Ind,Ind,Ind,Ind,NWC,NWC,NWC,None,NWC,NWC,NWC,NWC,NWC/PAC-12,NWC/PAC-12,PAC-12,NWC/PAC-12,NWC/PAC-12,NWC/PAC-12,NWC/PAC-12,NWC/PAC-12,NWC/PAC-12,NWC/PAC-12
Idaho,None,None,None,None,None,None,None,None,None,None,None,None,None,None,None,None,None,None,None,None,None,None,None,None,Ind,Ind,Ind,None,Ind,None,Ind,Ind,Ind,Ind,Ind,Ind,Ind,Ind,Ind,NWC,NWC,NWC,None,NWC,NWC,NWC,NWC,NWC,NWC,None,NWC,NWC,NWC,NWC/PAC-12,NWC/PAC-12,NWC/PAC-12,NWC/PAC-12
Lewis & Clark,None,None,None,None,None,None,None,None,None,None,None,None,None,None,None,None,None,None,None,None,None,None,None,None,Ind,None,None,None,None,None,None,None,None,None,Ind,None,None,None,None,None,None,None,None,None,None,None,None,None,None,None,None,None,None,None,None,None,None
Western Oregon,None,None,None,None,None,None,None,None,None,None,None,None,None,None,None,None,None,None,None,None,None,None,None,None,Ind,None,None,None,None,None,None,None,None,None,None,None,None,None,None,None,None,None,None,None,None,None,None,None,None,None,None,None,None,None,None,None,None
Villanova,None,None,None,None,None,None,None,None,None,None,None,None,None,None,None,None,None,None,None,None,None,None,None,None,None,Ind,Ind,Ind,Ind,Ind,Ind,Ind,Ind,Ind,Ind,Ind,Ind,Ind,Ind,Ind,Ind,Ind,Ind,Ind,Ind,Ind,Ind,Ind,Ind,Ind,Ind,Ind,Ind,Ind,Ind,Ind,Ind
Temple,None,None,None,None,None,None,None,None,None,None,None,None,None,None,None,None,None,None,None,None,None,None,None,None,None,Ind,Ind,Ind,Ind,Ind,Ind,Ind,Ind,Ind,Ind,Ind,Ind,None,Ind,Ind,Ind,Ind,Ind,Ind,Ind,Ind,Ind,Ind,Ind,None,None,None,None,Ind,Ind,Ind,Ind
Buffalo,None,None,None,None,None,None,None,None,None,None,None,None,None,None,None,None,None,None,None,None,None,None,None,None,None,Ind,Ind,Ind,Ind,Ind,Ind,Ind,Ind,Ind,Ind,None,None,None,None,None,None,None,None,None,None,None,Ind,None,Ind,Ind,Ind,None,Ind,Ind,Ind,Ind,Ind
North Dakota State,None,None,None,None,None,None,None,None,None,None,None,None,None,None,None,None,None,None,None,None,None,None,None,None,None,Ind,Ind,Ind,Ind,Ind,Ind,Ind,Ind,Ind,Ind,Ind,Ind,Ind,Ind,Ind,Ind,Ind,Ind,Ind,Ind,Ind,Ind,Ind,Ind,None,Ind,Ind,Ind,NCC,NCC,NCC,NCC
Rush,None,None,None,None,None,None,None,None,None,None,None,None,None,None,None,None,None,None,None,None,None,None,None,None,None,Ind,Ind,None,Ind,None,Ind,None,None,None,None,None,None,None,None,None,None,None,None,None,None,None,None,None,None,None,None,None,None,None,None,None,None
Ohio,None,None,None,None,None,None,None,None,None,None,None,None,None,None,None,None,None,None,None,None,None,None,None,None,None,Ind,Ind,Ind,None,Ind,Ind,Ind,Ind,Ind,Ind,Ind,Ind,Ind,Ind,Ind,Ind,OAC,OAC,OAC,OAC,OAC,OAC,OAC,OAC,OAC,OAC,OAC,OAC,OAC,OAC,OAC,OAC
Arkansas,None,None,None,None,None,None,None,None,None,None,None,None,None,None,None,None,None,None,None,None,None,None,None,None,None,Ind,Ind,Ind,Ind,Ind,Ind,Ind,Ind,Ind,Ind,SWIAA,SWIAA,Ind,Ind,Ind,Ind,Ind,Ind,Ind,Ind,Ind,SWC,SWC,SWC,SWC,SWC,SWC,SWC,SWC,SWC,SWC,SWC
Texas A&M,None,None,None,None,None,None,None,None,None,None,None,None,None,None,None,None,None,None,None,None,None,None,None,None,None,Ind,None,Ind,Ind,Ind,Ind,Ind,Ind,Ind,Ind,SWIAA,SWIAA,Ind,Ind,None,Ind,Ind,Ind,SIAA/TIAA,SIAA/TIAA,SIAA/TIAA,SWC,SWC,SWC,SWC,SWC/TIAA,SWC,SWC,SWC,SWC,SWC,SWC
Centenary,None,None,None,None,None,None,None,None,None,None,None,None,None,None,None,None,None,None,None,None,None,None,None,None,None,Ind,Ind,Ind,None,None,None,None,None,None,None,None,None,None,None,None,None,None,None,None,None,None,None,None,None,None,None,None,LIAA,LIAA,LIAA,Ind,SIAA
Washington State,None,None,None,None,None,None,None,None,None,None,None,None,None,None,None,None,None,None,None,None,None,None,None,None,None,Ind,Ind,Ind,Ind,Ind,Ind,Ind,Ind,NWIAA,Ind,Ind,Ind,Ind,Ind,NWC,NWC,NWC,None,NWC,NWC,NWC,NWC,NWC,NWC/PAC-12,Ind,NWC/PAC-12,NWC/PAC-12,NWC/PAC-12,NWC/PAC-12,NWC/PAC-12,NWC/PAC-12,NWC/PAC-12
New Mexico State,None,None,None,None,None,None,None,None,None,None,None,None,None,None,None,None,None,None,None,None,None,None,None,None,None,Ind,Ind,Ind,Ind,Ind,Ind,Ind,Ind,Ind,Ind,Ind,Ind,Ind,Ind,Ind,Ind,Ind,Ind,Ind,Ind,Ind,Ind,None,Ind,None,Ind,Ind,Ind,Ind,Ind,Ind,Ind
Rhode Island,None,None,None,None,None,None,None,None,None,None,None,None,None,None,None,None,None,None,None,None,None,None,None,None,None,None,Ind,Ind,None,None,None,None,None,None,None,None,None,None,None,None,Ind,Ind,Ind,Ind,Ind,Ind,Ind,Ind,Ind,None,Ind,Ind,Ind,Ind,NELC,NELC,NELC
Carthage,None,None,None,None,None,None,None,None,None,None,None,None,None,None,None,None,None,None,None,None,None,None,None,None,None,None,Ind,Ind,Ind,Ind,Ind,Ind,Ind,Ind,None,Ind,Ind,Ind,Ind,Ind,Ind,Ind,Ind,IIAC,IIAC,IIAC,IIAC,IIAC,IIAC,IIAC,IIAC,IIAC,IIAC,IIAC,IIAC,IIAC,IIAC
UI Chicago,None,None,None,None,None,None,None,None,None,None,None,None,None,None,None,None,None,None,None,None,None,None,None,None,None,None,Ind,Ind,None,None,Ind,None,None,None,Ind,None,Ind,None,Ind,Ind,None,None,None,None,None,None,None,None,None,None,None,None,None,None,None,None,None
North Dakota,None,None,None,None,None,None,None,None,None,None,None,None,None,None,None,None,None,None,None,None,None,None,None,None,None,None,Ind,None,None,None,Ind,None,None,None,Ind,None,None,None,None,None,None,None,None,None,None,None,None,None,None,None,None,None,None,NCC,NCC,NCC,NCC
Haskell,None,None,None,None,None,None,None,None,None,None,None,None,None,None,None,None,None,None,None,None,None,None,None,None,None,None,Ind,Ind,Ind,Ind,Ind,Ind,Ind,Ind,Ind,Ind,Ind,Ind,Ind,Ind,Ind,Ind,Ind,Ind,Ind,Ind,Ind,Ind,Ind,Ind,Ind,Ind,Ind,Ind,Ind,Ind,Ind
Northern Iowa,None,None,None,None,None,None,None,None,None,None,None,None,None,None,None,None,None,None,None,None,None,None,None,None,None,None,Ind,Ind,Ind,Ind,Ind,Ind,Ind,Ind,Ind,Ind,Ind,None,None,Ind,Ind,Ind,Ind,Ind,Ind,Ind,Ind,Ind,Ind,Ind,Ind,Ind,Ind,None,ARC,ARC,ARC
Tulsa,None,None,None,None,None,None,None,None,None,None,None,None,None,None,None,None,None,None,None,None,None,None,None,None,None,None,Ind,None,None,None,None,Ind,Ind,Ind,Ind,Ind,Ind,Ind,None,None,Ind,Ind,None,Ind,Ind,None,None,OIC,None,None,OIC,OIC,None,OIC,None,OIC,OIC
Marshall,None,None,None,None,None,None,None,None,None,None,None,None,None,None,None,None,None,None,None,None,None,None,None,None,None,None,Ind,None,Ind,Ind,Ind,Ind,Ind,Ind,None,None,Ind,None,None,Ind,Ind,Ind,Ind,Ind,Ind,Ind,Ind,Ind,Ind,None,Ind,Ind,Ind,Ind,Ind,Ind,WVAC
Catholic,None,None,None,None,None,None,None,None,None,None,None,None,None,None,None,None,None,None,None,None,None,None,None,None,None,None,Ind,None,None,None,None,None,None,None,None,None,Ind,Ind,Ind,None,Ind,Ind,Ind,Ind,Ind,Ind,SAIAA,SAIAA,None,None,SAIAA,SAIAA,SAIAA,Ind,Ind,Ind,Ind
Oklahoma,None,None,None,None,None,None,None,None,None,None,None,None,None,None,None,None,None,None,None,None,None,None,None,None,None,None,Ind,Ind,Ind,Ind,Ind,Ind,Ind,Ind,Ind,SWIAA,SWIAA,Ind,Ind,Ind,Ind,Ind,Ind,Ind,Ind,Ind,SWC,SWC,SWC,SWC,SWC,MVC,MVC,MVC,MVC,MVC,MVC
Mississippi State,None,None,None,None,None,None,None,None,None,None,None,None,None,None,None,None,None,None,None,None,None,None,None,None,None,None,Ind,SIAA,None,None,None,None,SIAA,SIAA,SIAA,SIAA,SIAA,SIAA,SIAA,SIAA,SIAA,SIAA,SIAA,SIAA,SIAA,SIAA,SIAA,SIAA,SIAA,SIAA,SIAA,SIAA,SIAA,SoCon,SoCon,SoCon,SoCon
Occidental,None,None,None,None,None,None,None,None,None,None,None,None,None,None,None,None,None,None,None,None,None,None,None,None,None,None,Ind,None,None,None,None,None,None,None,None,None,None,None,None,None,None,None,None,None,None,None,SCIAC,SCIAC,SCIAC,None,SCIAC,SCIAC,SCIAC,SCIAC,SCIAC,SCIAC,SCIAC
Rhodes,None,None,None,None,None,None,None,None,None,None,None,None,None,None,None,None,None,None,None,None,None,None,None,None,None,None,None,SIAA,SIAA,SIAA,SIAA,None,None,None,SIAA,None,None,None,None,None,None,None,None,None,None,None,Ind,None,None,None,None,None,None,None,None,Ind,None
Cumberland,None,None,None,None,None,None,None,None,None,None,None,None,None,None,None,None,None,None,None,None,None,None,None,None,None,None,None,SIAA,SIAA,SIAA,SIAA,SIAA,SIAA,SIAA,SIAA,SIAA,SIAA,SIAA,None,None,SIAA,None,None,None,None,None,Ind,Ind,None,None,None,None,None,None,None,None,None
Connecticut,None,None,None,None,None,None,None,None,None,None,None,None,None,None,None,None,None,None,None,None,None,None,None,None,None,None,None,Ind,None,None,None,None,None,None,None,None,None,None,None,None,None,None,None,None,None,None,None,None,None,None,None,None,None,None,NELC,NELC,NELC
Holy Cross,None,None,None,None,None,None,None,None,None,None,None,None,None,None,None,None,None,None,None,None,None,None,None,None,None,None,None,Ind,Ind,Ind,Ind,Ind,Ind,Ind,Ind,Ind,Ind,Ind,Ind,Ind,Ind,Ind,Ind,Ind,Ind,Ind,Ind,Ind,Ind,Ind,Ind,Ind,Ind,Ind,Ind,Ind,Ind
Central Michigan,None,None,None,None,None,None,None,None,None,None,None,None,None,None,None,None,None,None,None,None,None,None,None,None,None,None,None,Ind,Ind,Ind,Ind,Ind,None,Ind,Ind,None,Ind,None,Ind,Ind,Ind,Ind,Ind,Ind,None,None,None,Ind,Ind,Ind,Ind,Ind,Ind,Ind,Ind,Ind,Ind
Detroit,None,None,None,None,None,None,None,None,None,None,None,None,None,None,None,None,None,None,None,None,None,None,None,None,None,None,None,Ind,Ind,Ind,Ind,Ind,Ind,Ind,Ind,Ind,Ind,Ind,Ind,None,Ind,Ind,Ind,Ind,Ind,Ind,Ind,Ind,Ind,Ind,Ind,Ind,Ind,Ind,Ind,Ind,Ind
Kansas State,None,None,None,None,None,None,None,None,None,None,None,None,None,None,None,None,None,None,None,None,None,None,None,None,None,None,None,Ind,Ind,Ind,Ind,Ind,Ind,Ind,Ind,Ind,Ind,Ind,Ind,Ind,KCAC,KCAC,None,KCAC,MVC/KCAC,MVC,MVC,MVC,MVC,MVC,MVC,MVC,MVC,MVC,MVC,MVC,MVC
Indiana State,None,None,None,None,None,None,None,None,None,None,None,None,None,None,None,None,None,None,None,None,None,None,None,None,None,None,None,Ind,Ind,Ind,None,None,None,None,None,None,None,None,None,None,None,None,None,None,None,None,None,None,None,None,None,Ind,None,None,IIC,IIC,None
Clemson,None,None,None,None,None,None,None,None,None,None,None,None,None,None,None,None,None,None,None,None,None,None,None,None,None,None,None,Ind,SIAA,SIAA,SIAA,SIAA,SIAA,SIAA,SIAA,SIAA,SIAA,SIAA,SIAA,SIAA,SIAA,SIAA,SIAA,SIAA,SIAA,SIAA,SIAA,SIAA,SIAA,SIAA,SIAA,SIAA,SIAA,SoCon,SoCon,SoCon,SoCon
TCU,None,None,None,None,None,None,None,None,None,None,None,None,None,None,None,None,None,None,None,None,None,None,None,None,None,None,None,Ind,Ind,Ind,Ind,None,Ind,Ind,Ind,SWIAA,SWIAA,Ind,Ind,Ind,None,None,None,TIAA,TIAA,TIAA,Ind,None,None,None,TIAA,None,TIAA,TIAA,SWC,SWC,SWC
Erskine,None,None,None,None,None,None,None,None,None,None,None,None,None,None,None,None,None,None,None,None,None,None,None,None,None,None,None,Ind,None,None,None,None,None,None,None,None,None,None,None,None,None,None,None,None,None,None,None,None,None,None,None,None,Ind,Ind,None,SIAA,SIAA
Davidson,None,None,None,None,None,None,None,None,None,None,None,None,None,None,None,None,None,None,None,None,None,None,None,None,None,None,None,Ind,Ind,Ind,Ind,Ind,Ind,Ind,Ind,Ind,Ind,Ind,Ind,Ind,Ind,Ind,Ind,Ind,Ind,Ind,Ind,SAIAA,SAIAA,SAIAA,SAIAA,SAIAA,SAIAA,Ind,Ind,Ind,Ind
Oregon,None,None,None,None,None,None,None,None,None,None,None,None,None,None,None,None,None,None,None,None,None,None,None,None,None,None,None,Ind,Ind,Ind,Ind,Ind,Ind,NWIAA,Ind,Ind,Ind,Ind,Ind,NWC,NWC,NWC,None,None,NWC,NWC,NWC,NWC/PAC-12,NWC/PAC-12,PAC-12,NWC/PAC-12,NWC/PAC-12,NWC/PAC-12,NWC/PAC-12,NWC/PAC-12,NWC/PAC-12,NWC/PAC-12
Nevada,None,None,None,None,None,None,None,None,None,None,None,None,None,None,None,None,None,None,None,None,None,None,None,None,None,None,None,Ind,Ind,Ind,Ind,Ind,Ind,Ind,Ind,Ind,Ind,None,None,None,None,None,None,None,None,None,Ind,Ind,Ind,None,Ind,Ind,Ind,Ind,Ind,Ind,NCLAC
Michigan State,None,None,None,None,None,None,None,None,None,None,None,None,None,None,None,None,None,None,None,None,None,None,None,None,None,None,None,MIAA,MIAA,MIAA,MIAA,MIAA,MIAA,MIAA,MIAA,MIAA,MIAA,MIAA,MIAA,Ind,Ind,Ind,Ind,Ind,Ind,Ind,Ind,Ind,Ind,Ind,Ind,Ind,Ind,Ind,Ind,Ind,Ind
Wichita State,None,None,None,None,None,None,None,None,None,None,None,None,None,None,None,None,None,None,None,None,None,None,None,None,None,None,None,None,Ind,Ind,Ind,Ind,Ind,Ind,Ind,Ind,Ind,Ind,Ind,KCAC,Ind,Ind,KCAC,Ind,KCAC,KCAC,KCAC,KCAC,KCAC,KCAC,KCAC,KCAC,KCAC,KCAC,KCAC,KCAC,KCAC
Lincoln,None,None,None,None,None,None,None,None,None,None,None,None,None,None,None,None,None,None,None,None,None,None,None,None,None,None,None,None,Ind,Ind,Ind,Ind,None,Ind,Ind,None,Ind,None,Ind,Ind,None,MVCBS,None,Ind,Ind,Ind,Ind,None,None,Ind,MVCBS,None,None,None,None,None,None
Montana,None,None,None,None,None,None,None,None,None,None,None,None,None,None,None,None,None,None,None,None,None,None,None,None,None,None,None,None,Ind,Ind,Ind,Ind,Ind,Ind,Ind,Ind,Ind,Ind,Ind,Ind,Ind,Ind,Ind,Ind,Ind,Ind,Ind,Ind,Ind,None,NWC,NWC,NWC,NWC,NWC,NWC/PAC-12,NWC/PAC-12
Montana State,None,None,None,None,None,None,None,None,None,None,None,None,None,None,None,None,None,None,None,None,None,None,None,None,None,None,None,None,Ind,Ind,Ind,Ind,Ind,Ind,Ind,Ind,Ind,None,None,Ind,Ind,Ind,Ind,Ind,Ind,Ind,Ind,Ind,RMAC,None,RMAC,RMAC,RMAC,RMAC,RMAC,RMAC,RMAC
Arizona State,None,None,None,None,None,None,None,None,None,None,None,None,None,None,None,None,None,None,None,None,None,None,None,None,None,None,None,None,Ind,None,Ind,Ind,None,Ind,Ind,Ind,Ind,Ind,None,None,None,None,None,None,None,Ind,Ind,Ind,None,None,Ind,None,None,Ind,Ind,Ind,Ind
Western,None,None,None,None,None,None,None,None,None,None,None,None,None,None,None,None,None,None,None,None,None,None,None,None,None,None,None,None,Ind,None,None,None,None,None,None,None,None,None,None,None,None,MVCBS,None,None,None,None,None,None,None,None,MVCBS,None,None,None,None,None,None
Northern Illinois,None,None,None,None,None,None,None,None,None,None,None,None,None,None,None,None,None,None,None,None,None,None,None,None,None,None,None,None,None,None,Ind,Ind,Ind,Ind,Ind,Ind,Ind,Ind,Ind,Ind,Ind,Ind,Ind,Ind,Ind,Ind,Ind,Ind,None,None,None,Ind,Ind,IIAC,IIAC,IIAC,Ind
Baylor,None,None,None,None,None,None,None,None,None,None,None,None,None,None,None,None,None,None,None,None,None,None,None,None,None,None,None,None,None,None,Ind,Ind,Ind,Ind,None,SWIAA,SWIAA,None,Ind,Ind,None,Ind,Ind,TIAA,TIAA,TIAA,SWC,SWC,SWC,SWC,SWC/TIAA,SWC,SWC,SWC,SWC,SWC,SWC
Arizona,None,None,None,None,None,None,None,None,None,None,None,None,None,None,None,None,None,None,None,None,None,None,None,None,None,None,None,None,None,None,Ind,Ind,Ind,Ind,Ind,Ind,Ind,None,None,Ind,Ind,None,Ind,Ind,Ind,Ind,Ind,Ind,Ind,None,Ind,Ind,Ind,Ind,Ind,Ind,Ind
A.T. Still,None,None,None,None,None,None,None,None,None,None,None,None,None,None,None,None,None,None,None,None,None,None,None,None,None,None,None,None,None,None,None,Ind,Ind,None,Ind,None,None,None,None,None,None,None,None,None,None,None,None,None,None,None,None,None,Ind,None,None,Ind,None
Saint Louis,None,None,None,None,None,None,None,None,None,None,None,None,None,None,None,None,None,None,None,None,None,None,None,None,None,None,None,None,None,None,None,None,Ind,None,None,None,Ind,Ind,Ind,Ind,Ind,Ind,Ind,Ind,Ind,Ind,Ind,Ind,Ind,Ind,Ind,Ind,Ind,Ind,Ind,Ind,Ind
Ohio Medical,None,None,None,None,None,None,None,None,None,None,None,None,None,None,None,None,None,None,None,None,None,None,None,None,None,None,None,None,None,None,None,None,Ind,Ind,Ind,Ind,None,None,None,None,None,None,None,None,None,None,None,None,None,None,None,None,None,None,None,None,None
Chicago Eclectic,None,None,None,None,None,None,None,None,None,None,None,None,None,None,None,None,None,None,None,None,None,None,None,None,None,None,None,None,None,None,None,None,Ind,None,Ind,Ind,None,None,None,None,None,None,None,None,None,None,None,None,None,None,None,None,None,None,None,None,None
Louisiana,None,None,None,None,None,None,None,None,None,None,None,None,None,None,None,None,None,None,None,None,None,None,None,None,None,None,None,None,None,None,None,None,Ind,Ind,Ind,Ind,None,Ind,Ind,Ind,Ind,Ind,Ind,Ind,Ind,LIAA,Ind,LIAA,LIAA,None,None,None,LIAA,None,LIAA,LIAA,SIAA//LIAA
Stetson,None,None,None,None,None,None,None,None,None,None,None,None,None,None,None,None,None,None,None,None,None,None,None,None,None,None,None,None,None,None,None,None,Ind,Ind,Ind,Ind,Ind,Ind,Ind,Ind,Ind,Ind,Ind,Ind,Ind,Ind,None,Ind,None,None,Ind,Ind,Ind,Ind,Ind,Ind,Ind
Spring Hill,None,None,None,None,None,None,None,None,None,None,None,None,None,None,None,None,None,None,None,None,None,None,None,None,None,None,None,None,None,None,None,None,Ind,Ind,None,None,None,None,Ind,None,Ind,Ind,Ind,Ind,Ind,None,Ind,Ind,Ind,None,Ind,Ind,Ind,Ind,Ind,Ind,Ind
Oklahoma State,None,None,None,None,None,None,None,None,None,None,None,None,None,None,None,None,None,None,None,None,None,None,None,None,None,None,None,None,None,None,None,None,Ind,Ind,Ind,SWIAA,SWIAA,Ind,Ind,Ind,Ind,Ind,Ind,Ind,Ind,Ind,SWC,SWC,SWC,SWC,SWC,SWC,SWC,SWC/OIC,SWC,SWC,MVC
Chilocco,None,None,None,None,None,None,None,None,None,None,None,None,None,None,None,None,None,None,None,None,None,None,None,None,None,None,None,None,None,None,None,None,Ind,None,None,None,None,None,None,None,None,None,None,None,None,None,None,None,None,None,None,None,None,None,None,None,None
Florida,None,None,None,None,None,None,None,None,None,None,None,None,None,None,None,None,None,None,None,None,None,None,None,None,None,None,None,None,None,None,None,None,Ind,Ind,Ind,Ind,None,Ind,Ind,Ind,Ind,Ind,Ind,SIAA,SIAA,SIAA,SIAA,SIAA,SIAA,Ind,SIAA,SIAA,SIAA,SoCon,SoCon,SoCon,SoCon
Louisiana Tech,None,None,None,None,None,None,None,None,None,None,None,None,None,None,None,None,None,None,None,None,None,None,None,None,None,None,None,None,None,None,None,None,Ind,Ind,Ind,Ind,Ind,Ind,Ind,Ind,Ind,Ind,Ind,Ind,Ind,Ind,LIAA,None,None,None,None,None,LIAA,None,LIAA,LIAA,SIAA/LIAA
Tusculum,None,None,None,None,None,None,None,None,None,None,None,None,None,None,None,None,None,None,None,None,None,None,None,None,None,None,None,None,None,None,None,None,Ind,Ind,Ind,Ind,Ind,None,None,None,None,None,None,None,None,None,None,Ind,None,None,None,None,None,None,None,None,None
New Mexico,None,None,None,None,None,None,None,None,None,None,None,None,None,None,None,None,None,None,None,None,None,None,None,None,None,None,None,None,None,None,None,None,Ind,None,None,None,Ind,Ind,Ind,Ind,Ind,Ind,Ind,Ind,Ind,Ind,Ind,Ind,Ind,None,Ind,Ind,Ind,Ind,Ind,Ind,Ind
Whitman,None,None,None,None,None,None,None,None,None,None,None,None,None,None,None,None,None,None,None,None,None,None,None,None,None,None,None,None,None,None,None,None,None,NWIAA,None,None,None,None,None,NWC,NWC,NWC,None,NWC,NWC,NWC,NWC,NWC,NWC,None,NWC,NWC,NWC,NWC,NWC,NWC,NWC
Ursinus,None,None,None,None,None,None,None,None,None,None,None,None,None,None,None,None,None,None,None,None,None,None,None,None,None,None,None,None,None,None,None,None,None,Ind,None,None,None,None,None,None,Ind,Ind,None,None,None,None,None,None,None,None,None,None,None,None,None,None,None
Knox,None,None,None,None,None,None,None,None,None,None,None,None,None,None,None,None,None,None,None,None,None,None,None,None,None,None,None,None,None,None,None,None,None,Ind,None,None,None,None,None,None,None,None,None,None,None,None,None,None,None,None,None,None,None,IIAC/MWC,IIAC/MWC,IIAC/MWC,IIAC/MWC
Western Illinois,None,None,None,None,None,None,None,None,None,None,None,None,None,None,None,None,None,None,None,None,None,None,None,None,None,None,None,None,None,None,None,None,None,Ind,Ind,Ind,Ind,Ind,Ind,Ind,Ind,Ind,None,None,None,None,None,None,None,None,None,None,None,IIAC,IIAC,IIAC,IIAC
Samford,None,None,None,None,None,None,None,None,None,None,None,None,None,None,None,None,None,None,None,None,None,None,None,None,None,None,None,None,None,None,None,None,None,Ind,Ind,None,Ind,Ind,SIAA,SIAA,SIAA,SIAA,SIAA,SIAA,Ind,Ind,SIAA,SIAA,SIAA,None,SIAA,SIAA,SIAA,SIAA,SIAA,SIAA,SIAA
Florida State,None,None,None,None,None,None,None,None,None,None,None,None,None,None,None,None,None,None,None,None,None,None,None,None,None,None,None,None,None,None,None,None,None,Ind,Ind,Ind,None,None,None,None,None,None,None,None,None,None,None,None,None,None,None,None,None,None,None,None,None
E.F. Seminary,None,None,None,None,None,None,None,None,None,None,None,None,None,None,None,None,None,None,None,None,None,None,None,None,None,None,None,None,None,None,None,None,None,Ind,Ind,Ind,None,None,None,None,None,None,None,None,None,None,None,None,None,None,None,None,None,None,None,None,None
Central Oklahoma,None,None,None,None,None,None,None,None,None,None,None,None,None,None,None,None,None,None,None,None,None,None,None,None,None,None,None,None,None,None,None,None,None,Ind,None,Ind,Ind,None,None,None,None,None,None,None,None,OIC,OIC,None,None,None,None,None,None,OIC,OIC,OIC,OIC
Alma,None,None,None,None,None,None,None,None,None,None,None,None,None,None,None,None,None,None,None,None,None,None,None,None,None,None,None,None,None,None,None,None,None,MIAA,MIAA,MIAA,MIAA,MIAA,MIAA,MIAA,MIAA,MIAA,MIAA,MIAA,MIAA,MIAA,MIAA,MIAA,MIAA,None,MIAA,MIAA,MIAA,MIAA,MIAA,MIAA,MIAA
Kenyon,None,None,None,None,None,None,None,None,None,None,None,None,None,None,None,None,None,None,None,None,None,None,None,None,None,None,None,None,None,None,None,None,None,OAC,OAC,OAC,OAC,OAC,OAC,OAC,OAC,OAC,OAC,OAC,OAC,OAC,OAC,OAC,OAC,OAC,OAC,OAC,OAC,OAC,OAC,OAC,OAC
Xavier,None,None,None,None,None,None,None,None,None,None,None,None,None,None,None,None,None,None,None,None,None,None,None,None,None,None,None,None,None,None,None,None,None,None,Ind,None,None,None,None,None,None,None,None,None,None,None,None,Ind,Ind,Ind,Ind,Ind,OAC,OAC,OAC,OAC,OAC
Shurtleff,None,None,None,None,None,None,None,None,None,None,None,None,None,None,None,None,None,None,None,None,None,None,None,None,None,None,None,None,None,None,None,None,None,None,Ind,None,None,Ind,None,None,None,None,None,None,None,None,None,None,None,None,None,None,None,IIAC,IIAC,IIAC,IIAC
Goldey-Beacom,None,None,None,None,None,None,None,None,None,None,None,None,None,None,None,None,None,None,None,None,None,None,None,None,None,None,None,None,None,None,None,None,None,None,Ind,Ind,Ind,Ind,None,Ind,None,None,None,None,None,None,None,None,None,None,None,None,None,None,None,None,None
UT Health Science,None,None,None,None,None,None,None,None,None,None,None,None,None,None,None,None,None,None,None,None,None,None,None,None,None,None,None,None,None,None,None,None,None,None,Ind,Ind,None,None,None,None,None,None,None,Ind,None,None,None,None,None,None,None,None,Ind,Ind,Ind,Ind,Ind
Idaho State,None,None,None,None,None,None,None,None,None,None,None,None,None,None,None,None,None,None,None,None,None,None,None,None,None,None,None,None,None,None,None,None,None,None,Ind,None,None,None,None,None,None,None,None,None,None,None,None,None,None,None,None,None,None,None,None,None,None
Ohio Northern,None,None,None,None,None,None,None,None,None,None,None,None,None,None,None,None,None,None,None,None,None,None,None,None,None,None,None,None,None,None,None,None,None,None,None,Ind,None,None,None,Ind,None,Ind,Ind,None,Ind,None,None,OAC,OAC,OAC,OAC,OAC,OAC,OAC,OAC,OAC,OAC
Trinity (TX),None,None,None,None,None,None,None,None,None,None,None,None,None,None,None,None,None,None,None,None,None,None,None,None,None,None,None,None,None,None,None,None,None,None,None,SWIAA,SWIAA,None,None,None,None,None,None,TIAA,TIAA,TIAA,None,None,None,None,TIAA,None,TIAA,TIAA,TIAA,TIAA,TIAA
Bethany,None,None,None,None,None,None,None,None,None,None,None,None,None,None,None,None,None,None,None,None,None,None,None,None,None,None,None,None,None,None,None,None,None,None,None,Ind,None,None,None,None,None,None,None,None,None,None,None,KCAC,KCAC,KCAC,KCAC,KCAC,KCAC,KCAC,KCAC,KCAC,KCAC
SEMO,None,None,None,None,None,None,None,None,None,None,None,None,None,None,None,None,None,None,None,None,None,None,None,None,None,None,None,None,None,None,None,None,None,None,None,Ind,None,None,None,None,None,None,None,None,None,None,None,None,MAIAA,None,MAIAA,MAIAA,MAIAA,MAIAA,MAIAA,MAIAA,MAIAA
Texas State,None,None,None,None,None,None,None,None,None,None,None,None,None,None,None,None,None,None,None,None,None,None,None,None,None,None,None,None,None,None,None,None,None,None,None,Ind,None,None,None,Ind,None,Ind,Ind,Ind,Ind,Ind,Ind,Ind,Ind,Ind,Ind,Ind,Ind,TIAA,TIAA,TIAA,TIAA
Chattanooga,None,None,None,None,None,None,None,None,None,None,None,None,None,None,None,None,None,None,None,None,None,None,None,None,None,None,None,None,None,None,None,None,None,None,None,Ind,Ind,Ind,Ind,Ind,Ind,Ind,Ind,Ind,Ind,SIAA,SIAA,SIAA,None,None,Ind,SIAA,SIAA,SIAA,SIAA,SIAA,SIAA
Rollins,None,None,None,None,None,None,None,None,None,None,None,None,None,None,None,None,None,None,None,None,None,None,None,None,None,None,None,None,None,None,None,None,None,None,None,Ind,None,Ind,None,Ind,None,None,None,None,None,None,None,None,None,None,None,None,None,None,None,None,SIAA
Birmingham-Southern,None,None,None,None,None,None,None,None,None,None,None,None,None,None,None,None,None,None,None,None,None,None,None,None,None,None,None,None,None,None,None,None,None,None,None,Ind,None,Ind,Ind,Ind,Ind,Ind,Ind,Ind,Ind,Ind,Ind,Ind,None,None,Ind,Ind,Ind,Ind,Ind,Ind,SIAA
Dayton,None,None,None,None,None,None,None,None,None,None,None,None,None,None,None,None,None,None,None,None,None,None,None,None,None,None,None,None,None,None,None,None,None,None,None,None,Ind,Ind,Ind,Ind,Ind,Ind,Ind,Ind,Ind,Ind,Ind,Ind,Ind,Ind,Ind,Ind,Ind,Ind,Ind,Ind,Ind
The Citadel,None,None,None,None,None,None,None,None,None,None,None,None,None,None,None,None,None,None,None,None,None,None,None,None,None,None,None,None,None,None,None,None,None,None,None,None,Ind,Ind,Ind,Ind,SIAA,SIAA,SIAA,SIAA,SIAA,SIAA,SIAA,SIAA,SIAA,SIAA,SIAA,SIAA,SIAA,SIAA,SIAA,SIAA,SIAA
Carnegie Mellon,None,None,None,None,None,None,None,None,None,None,None,None,None,None,None,None,None,None,None,None,None,None,None,None,None,None,None,None,None,None,None,None,None,None,None,None,None,Ind,None,Ind,Ind,Ind,Ind,Ind,Ind,Ind,Ind,Ind,Ind,None,Ind,Ind,Ind,Ind,Ind,Ind,Ind
Franklin,None,None,None,None,None,None,None,None,None,None,None,None,None,None,None,None,None,None,None,None,None,None,None,None,None,None,None,None,None,None,None,None,None,None,None,None,None,Ind,Ind,Ind,None,None,None,None,None,None,None,None,None,None,None,None,None,None,IIC,IIC,None
Western Michigan,None,None,None,None,None,None,None,None,None,None,None,None,None,None,None,None,None,None,None,None,None,None,None,None,None,None,None,None,None,None,None,None,None,None,None,None,None,Ind,Ind,Ind,Ind,None,Ind,None,Ind,Ind,Ind,Ind,Ind,Ind,Ind,Ind,Ind,Ind,Ind,Ind,Ind
Roanoke,None,None,None,None,None,None,None,None,None,None,None,None,None,None,None,None,None,None,None,None,None,None,None,None,None,None,None,None,None,None,None,None,None,None,None,None,None,Ind,None,None,None,None,None,None,None,None,None,None,None,None,None,None,Ind,Ind,None,None,None
Wooster,None,None,None,None,None,None,None,None,None,None,None,None,None,None,None,None,None,None,None,None,None,None,None,None,None,None,None,None,None,None,None,None,None,None,None,None,None,None,OAC,OAC,OAC,OAC,OAC,OAC,OAC,OAC,OAC,OAC,OAC,OAC,OAC,OAC,OAC,OAC,OAC,OAC,OAC
Denison,None,None,None,None,None,None,None,None,None,None,None,None,None,None,None,None,None,None,None,None,None,None,None,None,None,None,None,None,None,None,None,None,None,None,None,None,None,None,OAC,OAC,OAC,OAC,OAC,OAC,OAC,OAC,OAC,OAC,OAC,OAC,OAC,OAC,OAC,OAC,OAC,OAC,OAC
DePaul,None,None,None,None,None,None,None,None,None,None,None,None,None,None,None,None,None,None,None,None,None,None,None,None,None,None,None,None,None,None,None,None,None,None,None,None,None,None,Ind,Ind,None,None,None,None,None,None,None,None,None,None,None,None,None,None,None,WIC,WIC
Mississippi College,None,None,None,None,None,None,None,None,None,None,None,None,None,None,None,None,None,None,None,None,None,None,None,None,None,None,None,None,None,None,None,None,None,None,None,None,None,None,Ind,Ind,Ind,Ind,SIAA,SIAA,SIAA,SIAA,SIAA,SIAA,SIAA,None,SIAA,SIAA,SIAA,SIAA,SIAA,SIAA,SIAA
Northwestern State,None,None,None,None,None,None,None,None,None,None,None,None,None,None,None,None,None,None,None,None,None,None,None,None,None,None,None,None,None,None,None,None,None,None,None,None,None,None,Ind,None,None,None,None,None,None,None,Ind,None,None,None,None,None,LIAA,None,LIAA,LIAA,None
South Carolina State,None,None,None,None,None,None,None,None,None,None,None,None,None,None,None,None,None,None,None,None,None,None,None,None,None,None,None,None,None,None,None,None,None,None,None,None,None,None,Ind,None,None,None,None,None,None,None,None,None,None,None,None,None,None,None,None,None,None
Truman State,None,None,None,None,None,None,None,None,None,None,None,None,None,None,None,None,None,None,None,None,None,None,None,None,None,None,None,None,None,None,None,None,None,None,None,None,None,None,None,Ind,None,None,None,None,None,None,MAIAA,MAIAA,MAIAA,None,MAIAA,MAIAA,MAIAA,MAIAA,MAIAA,MAIAA,MAIAA
St. Viator,None,None,None,None,None,None,None,None,None,None,None,None,None,None,None,None,None,None,None,None,None,None,None,None,None,None,None,None,None,None,None,None,None,None,None,None,None,None,None,Ind,None,None,Ind,Ind,None,None,None,None,None,None,None,None,None,None,IIAC,IIAC/WIC,IIAC/WIC
Central Arkansas,None,None,None,None,None,None,None,None,None,None,None,None,None,None,None,None,None,None,None,None,None,None,None,None,None,None,None,None,None,None,None,None,None,None,None,None,None,None,None,Ind,None,None,None,None,None,None,None,None,None,None,None,None,None,None,None,None,None
Adrian,None,None,None,None,None,None,None,None,None,None,None,None,None,None,None,None,None,None,None,None,None,None,None,None,None,None,None,None,None,None,None,None,None,None,None,None,None,None,None,MIAA,MIAA,MIAA,MIAA,MIAA,MIAA,MIAA,MIAA,MIAA,MIAA,None,MIAA,None,None,None,None,None,Ind
Rose-Hulman,None,None,None,None,None,None,None,None,None,None,None,None,None,None,None,None,None,None,None,None,None,None,None,None,None,None,None,None,None,None,None,None,None,None,None,None,None,None,None,None,Ind,Ind,None,None,None,Ind,None,ICAL,None,None,None,None,None,None,IIC,IIC,None
Elon,None,None,None,None,None,None,None,None,None,None,None,None,None,None,None,None,None,None,None,None,None,None,None,None,None,None,None,None,None,None,None,None,None,None,None,None,None,None,None,None,Ind,None,None,None,None,None,None,None,None,None,None,None,None,None,None,None,None
Loyola Marymount,None,None,None,None,None,None,None,None,None,None,None,None,None,None,None,None,None,None,None,None,None,None,None,None,None,None,None,None,None,None,None,None,None,None,None,None,None,None,None,None,Ind,None,None,None,None,None,None,None,None,None,None,None,None,NCJCC,None,None,Ind
Hawaii,None,None,None,None,None,None,None,None,None,None,None,None,None,None,None,None,None,None,None,None,None,None,None,None,None,None,None,None,None,None,None,None,None,None,None,None,None,None,None,None,Ind,Ind,Ind,None,None,None,Ind,Ind,Ind,Ind,Ind,Ind,Ind,Ind,Ind,Ind,Ind
Southern Illinois,None,None,None,None,None,None,None,None,None,None,None,None,None,None,None,None,None,None,None,None,None,None,None,None,None,None,None,None,None,None,None,None,None,None,None,None,None,None,None,None,None,IIAC,IIAC,IIAC,IIAC,IIAC,IIAC,IIAC,IIAC,None,IIAC,None,IIAC,IIAC,IIAC,IIAC,IIAC
Lawrence Athletics,None,None,None,None,None,None,None,None,None,None,None,None,None,None,None,None,None,None,None,None,None,None,None,None,None,None,None,None,None,None,None,None,None,None,None,None,None,None,None,None,None,MVCBS,None,None,None,None,None,None,None,None,None,None,None,None,None,None,None
St. Bonaventure,None,None,None,None,None,None,None,None,None,None,None,None,None,None,None,None,None,None,None,None,None,None,None,None,None,None,None,None,None,None,None,None,None,None,None,None,None,None,None,None,None,None,Ind,None,None,None,None,None,None,None,None,None,None,None,None,None,None
Middle Tennessee State,None,None,None,None,None,None,None,None,None,None,None,None,None,None,None,None,None,None,None,None,None,None,None,None,None,None,None,None,None,None,None,None,None,None,None,None,None,None,None,None,None,None,Ind,Ind,Ind,Ind,Ind,Ind,Ind,None,Ind,Ind,Ind,Ind,Ind,Ind,Ind
Louisville,None,None,None,None,None,None,None,None,None,None,None,None,None,None,None,None,None,None,None,None,None,None,None,None,None,None,None,None,None,None,None,None,None,None,None,None,None,None,None,None,None,None,None,Ind,Ind,Ind,SIAA,SIAA,None,None,None,None,SIAA,SIAA,SIAA,SIAA,Ind
Charleston,None,None,None,None,None,None,None,None,None,None,None,None,None,None,None,None,None,None,None,None,None,None,None,None,None,None,None,None,None,None,None,None,None,None,None,None,None,None,None,None,None,None,None,Ind,None,None,None,None,None,None,None,None,None,None,None,None,WVAC
Southern Mississippi,None,None,None,None,None,None,None,None,None,None,None,None,None,None,None,None,None,None,None,None,None,None,None,None,None,None,None,None,None,None,None,None,None,None,None,None,None,None,None,None,None,None,None,Ind,Ind,Ind,Ind,None,None,None,Ind,Ind,Ind,Ind,Ind,Ind,Ind
Rice,None,None,None,None,None,None,None,None,None,None,None,None,None,None,None,None,None,None,None,None,None,None,None,None,None,None,None,None,None,None,None,None,None,None,None,None,None,None,None,None,None,None,None,TIAA,TIAA,TIAA,SWC,SWC,SWC,SWC,SWC/TIAA,SWC,SWC/TIAA,SWC/TIAA,SWC/TIAA,SWC/TIAA,SWC
Sam Houston State,None,None,None,None,None,None,None,None,None,None,None,None,None,None,None,None,None,None,None,None,None,None,None,None,None,None,None,None,None,None,None,None,None,None,None,None,None,None,None,None,None,None,None,Ind,Ind,Ind,Ind,Ind,Ind,None,Ind,Ind,Ind,Ind,None,TIAA,TIAA
Memphis,None,None,None,None,None,None,None,None,None,None,None,None,None,None,None,None,None,None,None,None,None,None,None,None,None,None,None,None,None,None,None,None,None,None,None,None,None,None,None,None,None,None,None,Ind,Ind,Ind,Ind,Ind,Ind,Ind,Ind,Ind,Ind,Ind,Ind,Ind,Ind
Eastern Washington,None,None,None,None,None,None,None,None,None,None,None,None,None,None,None,None,None,None,None,None,None,None,None,None,None,None,None,None,None,None,None,None,None,None,None,None,None,None,None,None,None,None,None,Ind,Ind,Ind,Ind,None,None,None,None,CVC,CVC,CVC,CVC/TNC,CVC,CVC/TNC
Hampton,None,None,None,None,None,None,None,None,None,None,None,None,None,None,None,None,None,None,None,None,None,None,None,None,None,None,None,None,None,None,None,None,None,None,None,None,None,None,None,None,None,None,None,CIAA,CIAA,CIAA,CIAA,CIAA,CIAA,CIAA,CIAA,CIAA,CIAA,CIAA,CIAA,CIAA,CIAA
Virginia Union,None,None,None,None,None,None,None,None,None,None,None,None,None,None,None,None,None,None,None,None,None,None,None,None,None,None,None,None,None,None,None,None,None,None,None,None,None,None,None,None,None,None,None,CIAA,CIAA,CIAA,CIAA,CIAA,CIAA,CIAA,CIAA,CIAA,CIAA,CIAA,CIAA,CIAA,CIAA
Lincoln (PA),None,None,None,None,None,None,None,None,None,None,None,None,None,None,None,None,None,None,None,None,None,None,None,None,None,None,None,None,None,None,None,None,None,None,None,None,None,None,None,None,None,None,None,CIAA,CIAA,CIAA,None,CIAA,CIAA,CIAA,CIAA,CIAA,CIAA,CIAA,CIAA,CIAA,None
Shaw,None,None,None,None,None,None,None,None,None,None,None,None,None,None,None,None,None,None,None,None,None,None,None,None,None,None,None,None,None,None,None,None,None,None,None,None,None,None,None,None,None,None,None,CIAA,CIAA,None,CIAA,None,None,None,CIAA,CIAA,CIAA,CIAA,CIAA,CIAA,CIAA
Austin,None,None,None,None,None,None,None,None,None,None,None,None,None,None,None,None,None,None,None,None,None,None,None,None,None,None,None,None,None,None,None,None,None,None,None,None,None,None,None,None,None,None,None,TIAA,TIAA,TIAA,None,None,None,None,TIAA,None,TIAA,TIAA,TIAA,TIAA,TIAA
Texas Wesleyan,None,None,None,None,None,None,None,None,None,None,None,None,None,None,None,None,None,None,None,None,None,None,None,None,None,None,None,None,None,None,None,None,None,None,None,None,None,None,None,None,None,None,None,TIAA,TIAA,None,None,None,None,None,None,None,None,None,None,None,None
Southwestern,None,None,None,None,None,None,None,None,None,None,None,None,None,None,None,None,None,None,None,None,None,None,None,None,None,None,None,None,None,None,None,None,None,None,None,None,None,None,None,None,None,None,None,TIAA,TIAA,TIAA,SWC,SWC,None,None,TIAA,None,TIAA,TIAA,TIAA,TIAA,TIAA
Daniel Baker,None,None,None,None,None,None,None,None,None,None,None,None,None,None,None,None,None,None,None,None,None,None,None,None,None,None,None,None,None,None,None,None,None,None,None,None,None,None,None,None,None,None,None,TIAA,TIAA,TIAA,None,None,None,None,None,None,TIAA,TIAA,TIAA,TIAA,TIAA
Christian Brothers,None,None,None,None,None,None,None,None,None,None,None,None,None,None,None,None,None,None,None,None,None,None,None,None,None,None,None,None,None,None,None,None,None,None,None,None,None,None,None,None,None,None,None,None,Ind,None,None,None,None,None,None,None,None,None,None,None,None
Western Kentucky,None,None,None,None,None,None,None,None,None,None,None,None,None,None,None,None,None,None,None,None,None,None,None,None,None,None,None,None,None,None,None,None,None,None,None,None,None,None,None,None,None,None,None,None,Ind,Ind,Ind,Ind,None,None,None,Ind,Ind,SIAA,SIAA,SIAA,Ind
Presbyterian,None,None,None,None,None,None,None,None,None,None,None,None,None,None,None,None,None,None,None,None,None,None,None,None,None,None,None,None,None,None,None,None,None,None,None,None,None,None,None,None,None,None,None,None,Ind,Ind,Ind,Ind,Ind,Ind,Ind,Ind,Ind,SIAA,SIAA,SIAA,SIAA
Florida Southern,None,None,None,None,None,None,None,None,None,None,None,None,None,None,None,None,None,None,None,None,None,None,None,None,None,None,None,None,None,None,None,None,None,None,None,None,None,None,None,None,None,None,None,None,Ind,None,None,None,None,None,Ind,None,None,None,None,None,None
North Texas,None,None,None,None,None,None,None,None,None,None,None,None,None,None,None,None,None,None,None,None,None,None,None,None,None,None,None,None,None,None,None,None,None,None,None,None,None,None,None,None,None,None,None,None,Ind,Ind,Ind,Ind,Ind,Ind,Ind,Ind,None,TIAA,TIAA,TIAA,TIAA
Southwestern (KS),None,None,None,None,None,None,None,None,None,None,None,None,None,None,None,None,None,None,None,None,None,None,None,None,None,None,None,None,None,None,None,None,None,None,None,None,None,None,None,None,None,None,None,None,KCAC,KCAC,KCAC,KCAC,KCAC,None,KCAC,KCAC,KCAC,KCAC,KCAC,KCAC,KCAC
Friends,None,None,None,None,None,None,None,None,None,None,None,None,None,None,None,None,None,None,None,None,None,None,None,None,None,None,None,None,None,None,None,None,None,None,None,None,None,None,None,None,None,None,None,None,KCAC,KCAC,KCAC,KCAC,KCAC,None,KCAC,KCAC,KCAC,KCAC,KCAC,KCAC,KCAC
Sterling,None,None,None,None,None,None,None,None,None,None,None,None,None,None,None,None,None,None,None,None,None,None,None,None,None,None,None,None,None,None,None,None,None,None,None,None,None,None,None,None,None,None,None,None,KCAC,KCAC,KCAC,KCAC,KCAC,KCAC,KCAC,KCAC,KCAC,KCAC,KCAC,KCAC,KCAC
Pittsburg State,None,None,None,None,None,None,None,None,None,None,None,None,None,None,None,None,None,None,None,None,None,None,None,None,None,None,None,None,None,None,None,None,None,None,None,None,None,None,None,None,None,None,None,None,KCAC,KCAC,KCAC,KCAC,KCAC,None,KCAC,KCAC,KCAC,KCAC,KCAC,KCAC,KCAC
Saint Mary's (KS),None,None,None,None,None,None,None,None,None,None,None,None,None,None,None,None,None,None,None,None,None,None,None,None,None,None,None,None,None,None,None,None,None,None,None,None,None,None,None,None,None,None,None,None,KCAC,KCAC,KCAC,KCAC,KCAC,None,KCAC,KCAC,KCAC,KCAC,KCAC,KCAC,KCAC
Fort Hays State,None,None,None,None,None,None,None,None,None,None,None,None,None,None,None,None,None,None,None,None,None,None,None,None,None,None,None,None,None,None,None,None,None,None,None,None,None,None,None,None,None,None,None,None,KCAC,KCAC,KCAC,KCAC,KCAC,None,KCAC,KCAC,KCAC,KCAC,KCAC,KCAC,KCAC
Kansas City,None,None,None,None,None,None,None,None,None,None,None,None,None,None,None,None,None,None,None,None,None,None,None,None,None,None,None,None,None,None,None,None,None,None,None,None,None,None,None,None,None,None,None,None,KCAC,KCAC,KCAC,None,None,None,None,None,None,None,None,None,None
Ottawa,None,None,None,None,None,None,None,None,None,None,None,None,None,None,None,None,None,None,None,None,None,None,None,None,None,None,None,None,None,None,None,None,None,None,None,None,None,None,None,None,None,None,None,None,KCAC,KCAC,KCAC,KCAC,KCAC,KCAC,KCAC,KCAC,KCAC,KCAC,KCAC,KCAC,KCAC
Wisconsin-Superior,None,None,None,None,None,None,None,None,None,None,None,None,None,None,None,None,None,None,None,None,None,None,None,None,None,None,None,None,None,None,None,None,None,None,None,None,None,None,None,None,None,None,None,None,WIAC,WIAC,WIAC,WIAC,WIAC,None,WIAC,WIAC,WIAC,WIAC,WIAC,WIAC,WIAC
Wisconsin-Whitewater,None,None,None,None,None,None,None,None,None,None,None,None,None,None,None,None,None,None,None,None,None,None,None,None,None,None,None,None,None,None,None,None,None,None,None,None,None,None,None,None,None,None,None,None,WIAC,WIAC,WIAC,WIAC,WIAC,None,WIAC,WIAC,WIAC,WIAC,WIAC,WIAC,WIAC
Wisconsin-Milwaukee,None,None,None,None,None,None,None,None,None,None,None,None,None,None,None,None,None,None,None,None,None,None,None,None,None,None,None,None,None,None,None,None,None,None,None,None,None,None,None,None,None,None,None,None,WIAC,WIAC,WIAC,WIAC,WIAC,None,WIAC,WIAC,WIAC,WIAC,WIAC,WIAC,WIAC
Wisconsin-La Crosse,None,None,None,None,None,None,None,None,None,None,None,None,None,None,None,None,None,None,None,None,None,None,None,None,None,None,None,None,None,None,None,None,None,None,None,None,None,None,None,None,None,None,None,None,WIAC,WIAC,WIAC,WIAC,WIAC,None,WIAC,WIAC,WIAC,WIAC,WIAC,WIAC/WIC,WIAC/WIC
Wisconsin-Oshkosh,None,None,None,None,None,None,None,None,None,None,None,None,None,None,None,None,None,None,None,None,None,None,None,None,None,None,None,None,None,None,None,None,None,None,None,None,None,None,None,None,None,None,None,None,WIAC,WIAC,WIAC,WIAC,WIAC,None,WIAC,WIAC,WIAC,WIAC,WIAC,WIAC,WIAC
Wisconsin-Platteville,None,None,None,None,None,None,None,None,None,None,None,None,None,None,None,None,None,None,None,None,None,None,None,None,None,None,None,None,None,None,None,None,None,None,None,None,None,None,None,None,None,None,None,None,WIAC,WIAC,WIAC,WIAC,WIAC,None,WIAC,WIAC,WIAC,WIAC,WIAC,WIAC,WIAC
Wisconsin-River Falls,None,None,None,None,None,None,None,None,None,None,None,None,None,None,None,None,None,None,None,None,None,None,None,None,None,None,None,None,None,None,None,None,None,None,None,None,None,None,None,None,None,None,None,None,WIAC,WIAC,WIAC,WIAC,WIAC,None,WIAC,WIAC,WIAC,WIAC,WIAC,WIAC,WIAC
Wisconsin-Stevens Point,None,None,None,None,None,None,None,None,None,None,None,None,None,None,None,None,None,None,None,None,None,None,None,None,None,None,None,None,None,None,None,None,None,None,None,None,None,None,None,None,None,None,None,None,WIAC,WIAC,WIAC,WIAC,WIAC,None,WIAC,WIAC,WIAC,WIAC,WIAC,WIAC,WIAC
Alabama State,None,None,None,None,None,None,None,None,None,None,None,None,None,None,None,None,None,None,None,None,None,None,None,None,None,None,None,None,None,None,None,None,None,None,None,None,None,None,None,None,None,None,None,None,SIAC,SIAC,SIAC,SIAC,SIAC,SIAC,None,None,None,None,None,None,None
Atlanta,None,None,None,None,None,None,None,None,None,None,None,None,None,None,None,None,None,None,None,None,None,None,None,None,None,None,None,None,None,None,None,None,None,None,None,None,None,None,None,None,None,None,None,None,SIAC,SIAC,SIAC,SIAC,SIAC,SIAC,SIAC,SIAC,SIAC,SIAC,SIAC,SIAC,SIAC
Clark Atlanta,None,None,None,None,None,None,None,None,None,None,None,None,None,None,None,None,None,None,None,None,None,None,None,None,None,None,None,None,None,None,None,None,None,None,None,None,None,None,None,None,None,None,None,None,SIAC,SIAC,SIAC,SIAC,SIAC,SIAC,SIAC,SIAC,SIAC,SIAC,SIAC,SIAC,SIAC
Fisk,None,None,None,None,None,None,None,None,None,None,None,None,None,None,None,None,None,None,None,None,None,None,None,None,None,None,None,None,None,None,None,None,None,None,None,None,None,None,None,None,None,None,None,None,SIAC,SIAC,SIAC,SIAC,SIAC,SIAC,SIAC,SIAC,SIAC,SIAC,SIAC,SIAC,SIAC
Jackson State,None,None,None,None,None,None,None,None,None,None,None,None,None,None,None,None,None,None,None,None,None,None,None,None,None,None,None,None,None,None,None,None,None,None,None,None,None,None,None,None,None,None,None,None,SIAC,None,None,None,None,None,None,None,None,None,None,None,None
Morehouse,None,None,None,None,None,None,None,None,None,None,None,None,None,None,None,None,None,None,None,None,None,None,None,None,None,None,None,None,None,None,None,None,None,None,None,None,None,None,None,None,None,None,None,None,SIAC,SIAC,SIAC,SIAC,SIAC,SIAC,SIAC,SIAC,SIAC,SIAC,SIAC,SIAC,SIAC
Morris Brown,None,None,None,None,None,None,None,None,None,None,None,None,None,None,None,None,None,None,None,None,None,None,None,None,None,None,None,None,None,None,None,None,None,None,None,None,None,None,None,None,None,None,None,None,SIAC,SIAC,SIAC,SIAC,SIAC,SIAC,SIAC,SIAC,SIAC,SIAC,SIAC,SIAC,SIAC
Talladega,None,None,None,None,None,None,None,None,None,None,None,None,None,None,None,None,None,None,None,None,None,None,None,None,None,None,None,None,None,None,None,None,None,None,None,None,None,None,None,None,None,None,None,None,SIAC,SIAC,SIAC,SIAC,SIAC,SIAC,SIAC,SIAC,SIAC,SIAC,SIAC,SIAC,SIAC
Tuskegee,None,None,None,None,None,None,None,None,None,None,None,None,None,None,None,None,None,None,None,None,None,None,None,None,None,None,None,None,None,None,None,None,None,None,None,None,None,None,None,None,None,None,None,None,SIAC,SIAC,SIAC,SIAC,SIAC,SIAC,SIAC,SIAC,SIAC,SIAC,SIAC,SIAC,SIAC
UT El Paso,None,None,None,None,None,None,None,None,None,None,None,None,None,None,None,None,None,None,None,None,None,None,None,None,None,None,None,None,None,None,None,None,None,None,None,None,None,None,None,None,None,None,None,None,None,Ind,None,Ind,Ind,None,Ind,Ind,Ind,Ind,Ind,Ind,Ind
Allegheny,None,None,None,None,None,None,None,None,None,None,None,None,None,None,None,None,None,None,None,None,None,None,None,None,None,None,None,None,None,None,None,None,None,None,None,None,None,None,None,None,None,None,None,None,None,None,Ind,None,None,None,None,None,None,None,None,None,None
Middlebury,None,None,None,None,None,None,None,None,None,None,None,None,None,None,None,None,None,None,None,None,None,None,None,None,None,None,None,None,None,None,None,None,None,None,None,None,None,None,None,None,None,None,None,None,None,None,Ind,None,None,None,None,None,None,None,None,None,None
Muhlenberg,None,None,None,None,None,None,None,None,None,None,None,None,None,None,None,None,None,None,None,None,None,None,None,None,None,None,None,None,None,None,None,None,None,None,None,None,None,None,None,None,None,None,None,None,None,None,Ind,None,None,None,None,None,None,None,None,None,None
Gettysburg,None,None,None,None,None,None,None,None,None,None,None,None,None,None,None,None,None,None,None,None,None,None,None,None,None,None,None,None,None,None,None,None,None,None,None,None,None,None,None,None,None,None,None,None,None,None,Ind,None,None,None,None,None,None,None,None,None,None
Rochester,None,None,None,None,None,None,None,None,None,None,None,None,None,None,None,None,None,None,None,None,None,None,None,None,None,None,None,None,None,None,None,None,None,None,None,None,None,None,None,None,None,None,None,None,None,None,Ind,None,None,None,None,None,None,None,None,None,None
Dubuque,None,None,None,None,None,None,None,None,None,None,None,None,None,None,None,None,None,None,None,None,None,None,None,None,None,None,None,None,None,None,None,None,None,None,None,None,None,None,None,None,None,None,None,None,None,None,Ind,None,None,None,None,None,None,None,None,None,None
Millikin,None,None,None,None,None,None,None,None,None,None,None,None,None,None,None,None,None,None,None,None,None,None,None,None,None,None,None,None,None,None,None,None,None,None,None,None,None,None,None,None,None,None,None,None,None,None,Ind,None,None,None,None,None,None,IIAC/MWC,IIAC/MWC,IIAC/MWC,IIAC
Nebraska Wesleyan,None,None,None,None,None,None,None,None,None,None,None,None,None,None,None,None,None,None,None,None,None,None,None,None,None,None,None,None,None,None,None,None,None,None,None,None,None,None,None,None,None,None,None,None,None,None,Ind,None,None,None,NCAC,NCAC,NCAC,NCAC/NCC,NCAC/NCC,NCC,NCC
Jamestown,None,None,None,None,None,None,None,None,None,None,None,None,None,None,None,None,None,None,None,None,None,None,None,None,None,None,None,None,None,None,None,None,None,None,None,None,None,None,None,None,None,None,None,None,None,None,Ind,None,None,None,None,None,None,None,None,None,None
William Penn,None,None,None,None,None,None,None,None,None,None,None,None,None,None,None,None,None,None,None,None,None,None,None,None,None,None,None,None,None,None,None,None,None,None,None,None,None,None,None,None,None,None,None,None,None,None,Ind,None,None,None,None,None,None,None,ARC,ARC,ARC
Creighton,None,None,None,None,None,None,None,None,None,None,None,None,None,None,None,None,None,None,None,None,None,None,None,None,None,None,None,None,None,None,None,None,None,None,None,None,None,None,None,None,None,None,None,None,None,None,Ind,None,None,None,None,None,Ind,NCC,NCC,NCC,NCC
St. Thomas,None,None,None,None,None,None,None,None,None,None,None,None,None,None,None,None,None,None,None,None,None,None,None,None,None,None,None,None,None,None,None,None,None,None,None,None,None,None,None,None,None,None,None,None,None,None,Ind,None,None,None,None,MIAC,MIAC,MIAC/NCC,MIAC,MIAC/NCC,None
Hanover,None,None,None,None,None,None,None,None,None,None,None,None,None,None,None,None,None,None,None,None,None,None,None,None,None,None,None,None,None,None,None,None,None,None,None,None,None,None,None,None,None,None,None,None,None,None,Ind,ICAL,None,None,None,None,None,None,IIC,IIC,None
Lawrence,None,None,None,None,None,None,None,None,None,None,None,None,None,None,None,None,None,None,None,None,None,None,None,None,None,None,None,None,None,None,None,None,None,None,None,None,None,None,None,None,None,None,None,None,None,None,Ind,None,None,None,None,None,None,MWC,MWC,IIC/MWC,MWC
Earlham,None,None,None,None,None,None,None,None,None,None,None,None,None,None,None,None,None,None,None,None,None,None,None,None,None,None,None,None,None,None,None,None,None,None,None,None,None,None,None,None,None,None,None,None,None,None,Ind,ICAL,None,None,None,Ind,Ind,Ind,IIC,IIC,None
Ouachita Baptist,None,None,None,None,None,None,None,None,None,None,None,None,None,None,None,None,None,None,None,None,None,None,None,None,None,None,None,None,None,None,None,None,None,None,None,None,None,None,None,None,None,None,None,None,None,None,Ind,None,None,None,None,None,None,None,None,None,None
Dallas,None,None,None,None,None,None,None,None,None,None,None,None,None,None,None,None,None,None,None,None,None,None,None,None,None,None,None,None,None,None,None,None,None,None,None,None,None,None,None,None,None,None,None,None,None,None,Ind,None,None,None,None,None,None,None,None,None,None
Arkansas State,None,None,None,None,None,None,None,None,None,None,None,None,None,None,None,None,None,None,None,None,None,None,None,None,None,None,None,None,None,None,None,None,None,None,None,None,None,None,None,None,None,None,None,None,None,None,Ind,None,None,None,None,None,None,None,None,None,None
Henderson State,None,None,None,None,None,None,None,None,None,None,None,None,None,None,None,None,None,None,None,None,None,None,None,None,None,None,None,None,None,None,None,None,None,None,None,None,None,None,None,None,None,None,None,None,None,None,Ind,None,None,None,None,None,None,None,None,None,None
UC Davis,None,None,None,None,None,None,None,None,None,None,None,None,None,None,None,None,None,None,None,None,None,None,None,None,None,None,None,None,None,None,None,None,None,None,None,None,None,None,None,None,None,None,None,None,None,None,Ind,Ind,Ind,None,Ind,Ind,Ind,Ind,Ind,Ind,NCLAC
Willamette,None,None,None,None,None,None,None,None,None,None,None,None,None,None,None,None,None,None,None,None,None,None,None,None,None,None,None,None,None,None,None,None,None,None,None,None,None,None,None,None,None,None,None,None,None,None,Ind,None,None,None,None,NWC,NWC,NWC,NWC,NWC,NWC
Kansas Wesleyan,None,None,None,None,None,None,None,None,None,None,None,None,None,None,None,None,None,None,None,None,None,None,None,None,None,None,None,None,None,None,None,None,None,None,None,None,None,None,None,None,None,None,None,None,None,None,KCAC,KCAC,KCAC,None,KCAC,KCAC,KCAC,KCAC,KCAC,KCAC,KCAC
William Jewell,None,None,None,None,None,None,None,None,None,None,None,None,None,None,None,None,None,None,None,None,None,None,None,None,None,None,None,None,None,None,None,None,None,None,None,None,None,None,None,None,None,None,None,None,None,None,MAIAA,MAIAA,MAIAA,None,MAIAA,MAIAA,MAIAA,MAIAA,MAIAA,MCAU,MCAU
Missouri State,None,None,None,None,None,None,None,None,None,None,None,None,None,None,None,None,None,None,None,None,None,None,None,None,None,None,None,None,None,None,None,None,None,None,None,None,None,None,None,None,None,None,None,None,None,None,MAIAA,MAIAA,MAIAA,None,MAIAA,MAIAA,MAIAA,MAIAA,MAIAA,MAIAA,MAIAA
Westminster,None,None,None,None,None,None,None,None,None,None,None,None,None,None,None,None,None,None,None,None,None,None,None,None,None,None,None,None,None,None,None,None,None,None,None,None,None,None,None,None,None,None,None,None,None,None,MAIAA,MAIAA,MAIAA,None,MAIAA,MAIAA,MAIAA,MAIAA,MAIAA,MCAU,MCAU
Missouri Wesleyan,None,None,None,None,None,None,None,None,None,None,None,None,None,None,None,None,None,None,None,None,None,None,None,None,None,None,None,None,None,None,None,None,None,None,None,None,None,None,None,None,None,None,None,None,None,None,MAIAA,MAIAA,MAIAA,None,MAIAA,MAIAA,MAIAA,MAIAA,MAIAA,MCAU,MCAU
Tarkio,None,None,None,None,None,None,None,None,None,None,None,None,None,None,None,None,None,None,None,None,None,None,None,None,None,None,None,None,None,None,None,None,None,None,None,None,None,None,None,None,None,None,None,None,None,None,MAIAA,MAIAA,MAIAA,None,MAIAA,MAIAA,MAIAA,MAIAA,MAIAA,MCAU,MCAU
Central Methodist,None,None,None,None,None,None,None,None,None,None,None,None,None,None,None,None,None,None,None,None,None,None,None,None,None,None,None,None,None,None,None,None,None,None,None,None,None,None,None,None,None,None,None,None,None,None,MAIAA,MAIAA,MAIAA,None,MAIAA,MAIAA,MAIAA,MAIAA,MAIAA,MCAU,MCAU
Missouri Valley,None,None,None,None,None,None,None,None,None,None,None,None,None,None,None,None,None,None,None,None,None,None,None,None,None,None,None,None,None,None,None,None,None,None,None,None,None,None,None,None,None,None,None,None,None,None,MAIAA,MAIAA,None,None,MAIAA,MAIAA,MAIAA,MAIAA,MAIAA,MCAU,MCAU
Drury,None,None,None,None,None,None,None,None,None,None,None,None,None,None,None,None,None,None,None,None,None,None,None,None,None,None,None,None,None,None,None,None,None,None,None,None,None,None,None,None,None,None,None,None,None,None,MAIAA,MAIAA,MAIAA,None,MAIAA,MAIAA,MAIAA,MAIAA,MAIAA,MCAU,MCAU
Wisconsin-Stout,None,None,None,None,None,None,None,None,None,None,None,None,None,None,None,None,None,None,None,None,None,None,None,None,None,None,None,None,None,None,None,None,None,None,None,None,None,None,None,None,None,None,None,None,None,None,WIAC,WIAC,WIAC,None,WIAC,WIAC,WIAC,WIAC,WIAC,WIAC,WIAC
Caltech,None,None,None,None,None,None,None,None,None,None,None,None,None,None,None,None,None,None,None,None,None,None,None,None,None,None,None,None,None,None,None,None,None,None,None,None,None,None,None,None,None,None,None,None,None,None,SCIAC,SCIAC,SCIAC,None,SCIAC,SCIAC,SCIAC,SCIAC,SCIAC,SCIAC,SCIAC
Pomona-Pitzer,None,None,None,None,None,None,None,None,None,None,None,None,None,None,None,None,None,None,None,None,None,None,None,None,None,None,None,None,None,None,None,None,None,None,None,None,None,None,None,None,None,None,None,None,None,None,SCIAC,SCIAC,SCIAC,None,SCIAC,SCIAC,SCIAC,SCIAC,SCIAC,SCIAC,SCIAC
Redlands,None,None,None,None,None,None,None,None,None,None,None,None,None,None,None,None,None,None,None,None,None,None,None,None,None,None,None,None,None,None,None,None,None,None,None,None,None,None,None,None,None,None,None,None,None,None,SCIAC,SCIAC,SCIAC,None,SCIAC,SCIAC,SCIAC,SCIAC,SCIAC,SCIAC,SCIAC
Whittier,None,None,None,None,None,None,None,None,None,None,None,None,None,None,None,None,None,None,None,None,None,None,None,None,None,None,None,None,None,None,None,None,None,None,None,None,None,None,None,None,None,None,None,None,None,None,SCIAC,SCIAC,SCIAC,None,SCIAC,SCIAC,SCIAC,SCIAC,SCIAC,SCIAC,SCIAC
Georgetown (KY),None,None,None,None,None,None,None,None,None,None,None,None,None,None,None,None,None,None,None,None,None,None,None,None,None,None,None,None,None,None,None,None,None,None,None,None,None,None,None,None,None,None,None,None,None,None,None,SIAA,None,None,SIAA,SIAA,SIAA,SIAA,SIAA,SIAA,SIAA
Santa Clara,None,None,None,None,None,None,None,None,None,None,None,None,None,None,None,None,None,None,None,None,None,None,None,None,None,None,None,None,None,None,None,None,None,None,None,None,None,None,None,None,None,None,None,None,None,None,None,Ind,None,None,Ind,Ind,Ind,Ind,Ind,Ind,Ind
Midland,None,None,None,None,None,None,None,None,None,None,None,None,None,None,None,None,None,None,None,None,None,None,None,None,None,None,None,None,None,None,None,None,None,None,None,None,None,None,None,None,None,None,None,None,None,None,None,KCAC,KCAC,None,NCAC,NCAC,NCAC,NCAC,NCAC,NCAC,NCAC
Bethel,None,None,None,None,None,None,None,None,None,None,None,None,None,None,None,None,None,None,None,None,None,None,None,None,None,None,None,None,None,None,None,None,None,None,None,None,None,None,None,None,None,None,None,None,None,None,None,KCAC,None,None,None,None,None,KCAC,KCAC,KCAC,KCAC
Northwest Missouri State,None,None,None,None,None,None,None,None,None,None,None,None,None,None,None,None,None,None,None,None,None,None,None,None,None,None,None,None,None,None,None,None,None,None,None,None,None,None,None,None,None,None,None,None,None,None,None,MAIAA,MAIAA,None,MAIAA,MAIAA,MAIAA,MAIAA,MAIAA,MAIAA,MAIAA
York,None,None,None,None,None,None,None,None,None,None,None,None,None,None,None,None,None,None,None,None,None,None,None,None,None,None,None,None,None,None,None,None,None,None,None,None,None,None,None,None,None,None,None,None,None,None,None,NCAC,None,None,NCAC,NCAC,NCAC,NCAC,NCAC,NCAC,NCAC
Morningside,None,None,None,None,None,None,None,None,None,None,None,None,None,None,None,None,None,None,None,None,None,None,None,None,None,None,None,None,None,None,None,None,None,None,None,None,None,None,None,None,None,None,None,None,None,None,None,None,Ind,None,Ind,None,None,NCC,ARC/NCC,ARC/NCC,ARC/NCC
Toledo,None,None,None,None,None,None,None,None,None,None,None,None,None,None,None,None,None,None,None,None,None,None,None,None,None,None,None,None,None,None,None,None,None,None,None,None,None,None,None,None,None,None,None,None,None,None,None,None,Ind,Ind,Ind,Ind,NWOL,None,None,None,NWOL
Oglethorpe,None,None,None,None,None,None,None,None,None,None,None,None,None,None,None,None,None,None,None,None,None,None,None,None,None,None,None,None,None,None,None,None,None,None,None,None,None,None,None,None,None,None,None,None,None,None,None,None,Ind,Ind,Ind,Ind,SIAA,SIAA,SIAA,SIAA,SIAA
Wisconsin-Eau Claire,None,None,None,None,None,None,None,None,None,None,None,None,None,None,None,None,None,None,None,None,None,None,None,None,None,None,None,None,None,None,None,None,None,None,None,None,None,None,None,None,None,None,None,None,None,None,None,None,WIAC,None,WIAC,WIAC,WIAC,WIAC,WIAC,WIAC,WIAC
SMU,None,None,None,None,None,None,None,None,None,None,None,None,None,None,None,None,None,None,None,None,None,None,None,None,None,None,None,None,None,None,None,None,None,None,None,None,None,None,None,None,None,None,None,None,None,None,None,None,None,SWC,SWC/TIAA,SWC,SWC/TIAA,SWC,SWC,SWC,SWC
Wayne State,None,None,None,None,None,None,None,None,None,None,None,None,None,None,None,None,None,None,None,None,None,None,None,None,None,None,None,None,None,None,None,None,None,None,None,None,None,None,None,None,None,None,None,None,None,None,None,None,None,Ind,None,None,Ind,None,None,None,Ind
Valparaiso,None,None,None,None,None,None,None,None,None,None,None,None,None,None,None,None,None,None,None,None,None,None,None,None,None,None,None,None,None,None,None,None,None,None,None,None,None,None,None,None,None,None,None,None,None,None,None,None,None,None,Ind,Ind,Ind,Ind,Ind,WIC,WIC
Bowling Green,None,None,None,None,None,None,None,None,None,None,None,None,None,None,None,None,None,None,None,None,None,None,None,None,None,None,None,None,None,None,None,None,None,None,None,None,None,None,None,None,None,None,None,None,None,None,None,None,None,None,Ind,Ind,NWOL,None,None,None,NWOL
Phillips,None,None,None,None,None,None,None,None,None,None,None,None,None,None,None,None,None,None,None,None,None,None,None,None,None,None,None,None,None,None,None,None,None,None,None,None,None,None,None,None,None,None,None,None,None,None,None,None,None,None,Ind,SWC,None,OIC,None,OIC,OIC
Abilene Christian,None,None,None,None,None,None,None,None,None,None,None,None,None,None,None,None,None,None,None,None,None,None,None,None,None,None,None,None,None,None,None,None,None,None,None,None,None,None,None,None,None,None,None,None,None,None,None,None,None,None,Ind,Ind,Ind,Ind,Ind,TIAA,TIAA
Marion Military,None,None,None,None,None,None,None,None,None,None,None,None,None,None,None,None,None,None,None,None,None,None,None,None,None,None,None,None,None,None,None,None,None,None,None,None,None,None,None,None,None,None,None,None,None,None,None,None,None,None,Ind,Ind,Ind,Ind,None,None,None
UCLA,None,None,None,None,None,None,None,None,None,None,None,None,None,None,None,None,None,None,None,None,None,None,None,None,None,None,None,None,None,None,None,None,None,None,None,None,None,None,None,None,None,None,None,None,None,None,None,None,None,None,Ind,SCIAC,SCIAC,SCIAC,SCIAC,SCIAC,SCIAC
Pacific (CA),None,None,None,None,None,None,None,None,None,None,None,None,None,None,None,None,None,None,None,None,None,None,None,None,None,None,None,None,None,None,None,None,None,None,None,None,None,None,None,None,None,None,None,None,None,None,None,None,None,None,Ind,Ind,Ind,NCJCC,NCJCC,Ind,NCLAC
Missouri S&T,None,None,None,None,None,None,None,None,None,None,None,None,None,None,None,None,None,None,None,None,None,None,None,None,None,None,None,None,None,None,None,None,None,None,None,None,None,None,None,None,None,None,None,None,None,None,None,None,None,None,MAIAA,MAIAA,MAIAA,MAIAA,MAIAA,MCAU,MCAU
Central Missouri,None,None,None,None,None,None,None,None,None,None,None,None,None,None,None,None,None,None,None,None,None,None,None,None,None,None,None,None,None,None,None,None,None,None,None,None,None,None,None,None,None,None,None,None,None,None,None,None,None,None,MAIAA,MAIAA,MAIAA,MAIAA,MAIAA,MAIAA,MAIAA
Columbia Athletics,None,None,None,None,None,None,None,None,None,None,None,None,None,None,None,None,None,None,None,None,None,None,None,None,None,None,None,None,None,None,None,None,None,None,None,None,None,None,None,None,None,None,None,None,None,None,None,None,None,None,MVCBS,None,None,None,None,None,None
George R. Smith,None,None,None,None,None,None,None,None,None,None,None,None,None,None,None,None,None,None,None,None,None,None,None,None,None,None,None,None,None,None,None,None,None,None,None,None,None,None,None,None,None,None,None,None,None,None,None,None,None,None,MVCBS,None,None,None,None,None,None
KTI,None,None,None,None,None,None,None,None,None,None,None,None,None,None,None,None,None,None,None,None,None,None,None,None,None,None,None,None,None,None,None,None,None,None,None,None,None,None,None,None,None,None,None,None,None,None,None,None,None,None,MVCBS,None,None,None,None,None,None
Peru State,None,None,None,None,None,None,None,None,None,None,None,None,None,None,None,None,None,None,None,None,None,None,None,None,None,None,None,None,None,None,None,None,None,None,None,None,None,None,None,None,None,None,None,None,None,None,None,None,None,None,NCAC,NCAC,NCAC,NCAC,NCAC,NCAC,NCAC
Hastings,None,None,None,None,None,None,None,None,None,None,None,None,None,None,None,None,None,None,None,None,None,None,None,None,None,None,None,None,None,None,None,None,None,None,None,None,None,None,None,None,None,None,None,None,None,None,None,None,None,None,NCAC,NCAC,NCAC,NCAC,NCAC,NCAC,NCAC
NCU,None,None,None,None,None,None,None,None,None,None,None,None,None,None,None,None,None,None,None,None,None,None,None,None,None,None,None,None,None,None,None,None,None,None,None,None,None,None,None,None,None,None,None,None,None,None,None,None,None,None,NCAC,NCAC,NCAC,NCAC,NCAC,NCAC,NCAC
Nebraska-Kearney,None,None,None,None,None,None,None,None,None,None,None,None,None,None,None,None,None,None,None,None,None,None,None,None,None,None,None,None,None,None,None,None,None,None,None,None,None,None,None,None,None,None,None,None,None,None,None,None,None,None,NCAC,NCAC,NCAC,NCAC,NCAC,NCAC,NCAC
Nebraska Central,None,None,None,None,None,None,None,None,None,None,None,None,None,None,None,None,None,None,None,None,None,None,None,None,None,None,None,None,None,None,None,None,None,None,None,None,None,None,None,None,None,None,None,None,None,None,None,None,None,None,NCAC,NCAC,NCAC,NCAC,NCAC,NCAC,NCAC
Howard Payne,None,None,None,None,None,None,None,None,None,None,None,None,None,None,None,None,None,None,None,None,None,None,None,None,None,None,None,None,None,None,None,None,None,None,None,None,None,None,None,None,None,None,None,None,None,None,None,None,None,None,SWC/TIAA,None,TIAA,TIAA,TIAA,TIAA,TIAA
Millsaps,None,None,None,None,None,None,None,None,None,None,None,None,None,None,None,None,None,None,None,None,None,None,None,None,None,None,None,None,None,None,None,None,None,None,None,None,None,None,None,None,None,None,None,None,None,None,None,None,None,None,None,SIAA,SIAA,SIAA,SIAA,SIAA,SIAA
Michigan Tech,None,None,None,None,None,None,None,None,None,None,None,None,None,None,None,None,None,None,None,None,None,None,None,None,None,None,None,None,None,None,None,None,None,None,None,None,None,None,None,None,None,None,None,None,None,None,None,None,None,None,None,Ind,Ind,Ind,Ind,Ind,Ind
John Carroll,None,None,None,None,None,None,None,None,None,None,None,None,None,None,None,None,None,None,None,None,None,None,None,None,None,None,None,None,None,None,None,None,None,None,None,None,None,None,None,None,None,None,None,None,None,None,None,None,None,None,None,Ind,Ind,Ind,Ind,Ind,Ind
Kent State,None,None,None,None,None,None,None,None,None,None,None,None,None,None,None,None,None,None,None,None,None,None,None,None,None,None,None,None,None,None,None,None,None,None,None,None,None,None,None,None,None,None,None,None,None,None,None,None,None,None,None,Ind,Ind,Ind,Ind,Ind,Ind
East Tennessee State,None,None,None,None,None,None,None,None,None,None,None,None,None,None,None,None,None,None,None,None,None,None,None,None,None,None,None,None,None,None,None,None,None,None,None,None,None,None,None,None,None,None,None,None,None,None,None,None,None,None,None,Ind,Ind,Ind,Ind,Ind,Ind
Chico State,None,None,None,None,None,None,None,None,None,None,None,None,None,None,None,None,None,None,None,None,None,None,None,None,None,None,None,None,None,None,None,None,None,None,None,None,None,None,None,None,None,None,None,None,None,None,None,None,None,None,None,Ind,Ind,NCJCC,NCJCC,NCJCC,NCJCC
Virginia State,None,None,None,None,None,None,None,None,None,None,None,None,None,None,None,None,None,None,None,None,None,None,None,None,None,None,None,None,None,None,None,None,None,None,None,None,None,None,None,None,None,None,None,None,None,None,None,None,None,None,None,CIAA,CIAA,CIAA,CIAA,CIAA,CIAA
Macalester,None,None,None,None,None,None,None,None,None,None,None,None,None,None,None,None,None,None,None,None,None,None,None,None,None,None,None,None,None,None,None,None,None,None,None,None,None,None,None,None,None,None,None,None,None,None,None,None,None,None,None,MIAC,MIAC,MIAC,MIAC,MIAC,MIAC
St. Olaf,None,None,None,None,None,None,None,None,None,None,None,None,None,None,None,None,None,None,None,None,None,None,None,None,None,None,None,None,None,None,None,None,None,None,None,None,None,None,None,None,None,None,None,None,None,None,None,None,None,None,None,MIAC,MIAC,MIAC,MIAC,MIAC,MIAC
Gustavus Adolphus,None,None,None,None,None,None,None,None,None,None,None,None,None,None,None,None,None,None,None,None,None,None,None,None,None,None,None,None,None,None,None,None,None,None,None,None,None,None,None,None,None,None,None,None,None,None,None,None,None,None,None,MIAC,MIAC,MIAC,MIAC,MIAC,MIAC
Grand Island,None,None,None,None,None,None,None,None,None,None,None,None,None,None,None,None,None,None,None,None,None,None,None,None,None,None,None,None,None,None,None,None,None,None,None,None,None,None,None,None,None,None,None,None,None,None,None,None,None,None,None,NCAC,NCAC,NCAC,NCAC,NCAC,NCAC
Nebraska-Omaha,None,None,None,None,None,None,None,None,None,None,None,None,None,None,None,None,None,None,None,None,None,None,None,None,None,None,None,None,None,None,None,None,None,None,None,None,None,None,None,None,None,None,None,None,None,None,None,None,None,None,None,NCAC,None,None,None,NCAC,NCAC
Wayne State (NE),None,None,None,None,None,None,None,None,None,None,None,None,None,None,None,None,None,None,None,None,None,None,None,None,None,None,None,None,None,None,None,None,None,None,None,None,None,None,None,None,None,None,None,None,None,None,None,None,None,None,None,NCAC,NCAC,NCAC,NCAC,NCAC,NCAC
Hiram,None,None,None,None,None,None,None,None,None,None,None,None,None,None,None,None,None,None,None,None,None,None,None,None,None,None,None,None,None,None,None,None,None,None,None,None,None,None,None,None,None,None,None,None,None,None,None,None,None,None,None,OAC,OAC,OAC,OAC,OAC,OAC
Yankton,None,None,None,None,None,None,None,None,None,None,None,None,None,None,None,None,None,None,None,None,None,None,None,None,None,None,None,None,None,None,None,None,None,None,None,None,None,None,None,None,None,None,None,None,None,None,None,None,None,None,None,SDIC,SDIC,SDIC,SDIC,SDIC,SDIC
Dakota Wesleyan,None,None,None,None,None,None,None,None,None,None,None,None,None,None,None,None,None,None,None,None,None,None,None,None,None,None,None,None,None,None,None,None,None,None,None,None,None,None,None,None,None,None,None,None,None,None,None,None,None,None,None,SDIC,SDIC,SDIC,SDIC,SDIC,SDIC
Huron,None,None,None,None,None,None,None,None,None,None,None,None,None,None,None,None,None,None,None,None,None,None,None,None,None,None,None,None,None,None,None,None,None,None,None,None,None,None,None,None,None,None,None,None,None,None,None,None,None,None,None,SDIC,SDIC,SDIC,SDIC,SDIC,SDIC
Northern State,None,None,None,None,None,None,None,None,None,None,None,None,None,None,None,None,None,None,None,None,None,None,None,None,None,None,None,None,None,None,None,None,None,None,None,None,None,None,None,None,None,None,None,None,None,None,None,None,None,None,None,SDIC,SDIC,SDIC,SDIC,SDIC,SDIC
Sioux Falls,None,None,None,None,None,None,None,None,None,None,None,None,None,None,None,None,None,None,None,None,None,None,None,None,None,None,None,None,None,None,None,None,None,None,None,None,None,None,None,None,None,None,None,None,None,None,None,None,None,None,None,SDIC,None,SDIC,SDIC,SDIC,SDIC
South Dakota Mines,None,None,None,None,None,None,None,None,None,None,None,None,None,None,None,None,None,None,None,None,None,None,None,None,None,None,None,None,None,None,None,None,None,None,None,None,None,None,None,None,None,None,None,None,None,None,None,None,None,None,None,SDIC,SDIC,SDIC,SDIC,SDIC,SDIC
Columbus,None,None,None,None,None,None,None,None,None,None,None,None,None,None,None,None,None,None,None,None,None,None,None,None,None,None,None,None,None,None,None,None,None,None,None,None,None,None,None,None,None,None,None,None,None,None,None,None,None,None,None,SDIC,SDIC,SDIC,SDIC,SDIC,SDIC
Spokane University,None,None,None,None,None,None,None,None,None,None,None,None,None,None,None,None,None,None,None,None,None,None,None,None,None,None,None,None,None,None,None,None,None,None,None,None,None,None,None,None,None,None,None,None,None,None,None,None,None,None,None,CVC,CVC,CVC,CVC,None,CVC
Spokane College,None,None,None,None,None,None,None,None,None,None,None,None,None,None,None,None,None,None,None,None,None,None,None,None,None,None,None,None,None,None,None,None,None,None,None,None,None,None,None,None,None,None,None,None,None,None,None,None,None,None,None,CVC,CVC,CVC,CVC,CVC,CVC
Whitworth,None,None,None,None,None,None,None,None,None,None,None,None,None,None,None,None,None,None,None,None,None,None,None,None,None,None,None,None,None,None,None,None,None,None,None,None,None,None,None,None,None,None,None,None,None,None,None,None,None,None,None,CVC,CVC,CVC,CVC,CVC,CVC
Florida A&M,None,None,None,None,None,None,None,None,None,None,None,None,None,None,None,None,None,None,None,None,None,None,None,None,None,None,None,None,None,None,None,None,None,None,None,None,None,None,None,None,None,None,None,None,None,None,None,None,None,None,None,SIAC,SIAC,SIAC,SIAC,SIAC,SIAC
Knoxville,None,None,None,None,None,None,None,None,None,None,None,None,None,None,None,None,None,None,None,None,None,None,None,None,None,None,None,None,None,None,None,None,None,None,None,None,None,None,None,None,None,None,None,None,None,None,None,None,None,None,None,SIAC,SIAC,SIAC,SIAC,SIAC,SIAC
Loyola New Orleans,None,None,None,None,None,None,None,None,None,None,None,None,None,None,None,None,None,None,None,None,None,None,None,None,None,None,None,None,None,None,None,None,None,None,None,None,None,None,None,None,None,None,None,None,None,None,None,None,None,None,None,None,Ind,Ind,Ind,Ind,SIAA/LIAA
Bryson,None,None,None,None,None,None,None,None,None,None,None,None,None,None,None,None,None,None,None,None,None,None,None,None,None,None,None,None,None,None,None,None,None,None,None,None,None,None,None,None,None,None,None,None,None,None,None,None,None,None,None,None,Ind,None,None,None,None
La Verne,None,None,None,None,None,None,None,None,None,None,None,None,None,None,None,None,None,None,None,None,None,None,None,None,None,None,None,None,None,None,None,None,None,None,None,None,None,None,None,None,None,None,None,None,None,None,None,None,None,None,None,None,Ind,Ind,Ind,Ind,Ind
Fresno State,None,None,None,None,None,None,None,None,None,None,None,None,None,None,None,None,None,None,None,None,None,None,None,None,None,None,None,None,None,None,None,None,None,None,None,None,None,None,None,None,None,None,None,None,None,None,None,None,None,None,None,None,Ind,NCJCC,NCJCC,NCJCC,NCLAC
Virginia Lynchburg,None,None,None,None,None,None,None,None,None,None,None,None,None,None,None,None,None,None,None,None,None,None,None,None,None,None,None,None,None,None,None,None,None,None,None,None,None,None,None,None,None,None,None,None,None,None,None,None,None,None,None,None,CIAA,CIAA,CIAA,CIAA,CIAA
McPherson,None,None,None,None,None,None,None,None,None,None,None,None,None,None,None,None,None,None,None,None,None,None,None,None,None,None,None,None,None,None,None,None,None,None,None,None,None,None,None,None,None,None,None,None,None,None,None,None,None,None,None,None,KCAC,KCAC,KCAC,KCAC,KCAC
Concordia,None,None,None,None,None,None,None,None,None,None,None,None,None,None,None,None,None,None,None,None,None,None,None,None,None,None,None,None,None,None,None,None,None,None,None,None,None,None,None,None,None,None,None,None,None,None,None,None,None,None,None,None,MIAC,MIAC,MIAC,MIAC,MIAC
Saint John's (MN),None,None,None,None,None,None,None,None,None,None,None,None,None,None,None,None,None,None,None,None,None,None,None,None,None,None,None,None,None,None,None,None,None,None,None,None,None,None,None,None,None,None,None,None,None,None,None,None,None,None,None,None,MIAC,MIAC,MIAC,MIAC,MIAC
Culver-Stockton,None,None,None,None,None,None,None,None,None,None,None,None,None,None,None,None,None,None,None,None,None,None,None,None,None,None,None,None,None,None,None,None,None,None,None,None,None,None,None,None,None,None,None,None,None,None,None,None,None,None,None,None,MAIAA,MAIAA,MAIAA,MCAU,MCAU
Central Wesleyan,None,None,None,None,None,None,None,None,None,None,None,None,None,None,None,None,None,None,None,None,None,None,None,None,None,None,None,None,None,None,None,None,None,None,None,None,None,None,None,None,None,None,None,None,None,None,None,None,None,None,None,None,MAIAA,MAIAA,None,None,MCAU
Chadron State,None,None,None,None,None,None,None,None,None,None,None,None,None,None,None,None,None,None,None,None,None,None,None,None,None,None,None,None,None,None,None,None,None,None,None,None,None,None,None,None,None,None,None,None,None,None,None,None,None,None,None,None,NCAC,NCAC,NCAC,NCAC,NCAC
Findlay,None,None,None,None,None,None,None,None,None,None,None,None,None,None,None,None,None,None,None,None,None,None,None,None,None,None,None,None,None,None,None,None,None,None,None,None,None,None,None,None,None,None,None,None,None,None,None,None,None,None,None,None,NWOL,None,None,None,NWOL
Otterbein,None,None,None,None,None,None,None,None,None,None,None,None,None,None,None,None,None,None,None,None,None,None,None,None,None,None,None,None,None,None,None,None,None,None,None,None,None,None,None,None,None,None,None,None,None,None,None,None,None,None,None,None,OAC,OAC,OAC,OAC,OAC
Wiley,None,None,None,None,None,None,None,None,None,None,None,None,None,None,None,None,None,None,None,None,None,None,None,None,None,None,None,None,None,None,None,None,None,None,None,None,None,None,None,None,None,None,None,None,None,None,None,None,None,None,None,None,SWAC,SWAC,SWAC,SWAC,SWAC
Bishop,None,None,None,None,None,None,None,None,None,None,None,None,None,None,None,None,None,None,None,None,None,None,None,None,None,None,None,None,None,None,None,None,None,None,None,None,None,None,None,None,None,None,None,None,None,None,None,None,None,None,None,None,SWAC,SWAC,SWAC,SWAC,SWAC
Paul Quinn,None,None,None,None,None,None,None,None,None,None,None,None,None,None,None,None,None,None,None,None,None,None,None,None,None,None,None,None,None,None,None,None,None,None,None,None,None,None,None,None,None,None,None,None,None,None,None,None,None,None,None,None,SWAC,SWAC,SWAC,SWAC,SWAC
Prairie View,None,None,None,None,None,None,None,None,None,None,None,None,None,None,None,None,None,None,None,None,None,None,None,None,None,None,None,None,None,None,None,None,None,None,None,None,None,None,None,None,None,None,None,None,None,None,None,None,None,None,None,None,SWAC,SWAC,SWAC,SWAC,SWAC
Huston-Tillotson,None,None,None,None,None,None,None,None,None,None,None,None,None,None,None,None,None,None,None,None,None,None,None,None,None,None,None,None,None,None,None,None,None,None,None,None,None,None,None,None,None,None,None,None,None,None,None,None,None,None,None,None,SWAC,SWAC,SWAC,SWAC,SWAC
Texas College,None,None,None,None,None,None,None,None,None,None,None,None,None,None,None,None,None,None,None,None,None,None,None,None,None,None,None,None,None,None,None,None,None,None,None,None,None,None,None,None,None,None,None,None,None,None,None,None,None,None,None,None,SWAC,SWAC,SWAC,SWAC,SWAC
Hardin-Simmons,None,None,None,None,None,None,None,None,None,None,None,None,None,None,None,None,None,None,None,None,None,None,None,None,None,None,None,None,None,None,None,None,None,None,None,None,None,None,None,None,None,None,None,None,None,None,None,None,None,None,None,None,TIAA,TIAA,TIAA,TIAA,TIAA
BYU,None,None,None,None,None,None,None,None,None,None,None,None,None,None,None,None,None,None,None,None,None,None,None,None,None,None,None,None,None,None,None,None,None,None,None,None,None,None,None,None,None,None,None,None,None,None,None,None,None,None,None,None,None,RMAC,RMAC,RMAC,RMAC
Bradley,None,None,None,None,None,None,None,None,None,None,None,None,None,None,None,None,None,None,None,None,None,None,None,None,None,None,None,None,None,None,None,None,None,None,None,None,None,None,None,None,None,None,None,None,None,None,None,None,None,None,None,None,None,Ind,IIAC,IIAC,IIAC
Tennessee State,None,None,None,None,None,None,None,None,None,None,None,None,None,None,None,None,None,None,None,None,None,None,None,None,None,None,None,None,None,None,None,None,None,None,None,None,None,None,None,None,None,None,None,None,None,None,None,None,None,None,None,None,None,Ind,Ind,None,Ind
Modesto,None,None,None,None,None,None,None,None,None,None,None,None,None,None,None,None,None,None,None,None,None,None,None,None,None,None,None,None,None,None,None,None,None,None,None,None,None,None,None,None,None,None,None,None,None,None,None,None,None,None,None,None,None,NCJCC,NCJCC,NCJCC,NCJCC
Sacramento City,None,None,None,None,None,None,None,None,None,None,None,None,None,None,None,None,None,None,None,None,None,None,None,None,None,None,None,None,None,None,None,None,None,None,None,None,None,None,None,None,None,None,None,None,None,None,None,None,None,None,None,None,None,NCJCC,NCJCC,NCJCC,None
Cal Poly,None,None,None,None,None,None,None,None,None,None,None,None,None,None,None,None,None,None,None,None,None,None,None,None,None,None,None,None,None,None,None,None,None,None,None,None,None,None,None,None,None,None,None,None,None,None,None,None,None,None,None,None,None,NCJCC,NCJCC,NCJCC,NCJCC
Lombard,None,None,None,None,None,None,None,None,None,None,None,None,None,None,None,None,None,None,None,None,None,None,None,None,None,None,None,None,None,None,None,None,None,None,None,None,None,None,None,None,None,None,None,None,None,None,None,None,None,None,None,None,None,IIAC,IIAC,IIAC,WIC
Eastern Illinois,None,None,None,None,None,None,None,None,None,None,None,None,None,None,None,None,None,None,None,None,None,None,None,None,None,None,None,None,None,None,None,None,None,None,None,None,None,None,None,None,None,None,None,None,None,None,None,None,None,None,None,None,None,IIAC,IIAC,IIAC,IIAC
Illinois Wesleyan,None,None,None,None,None,None,None,None,None,None,None,None,None,None,None,None,None,None,None,None,None,None,None,None,None,None,None,None,None,None,None,None,None,None,None,None,None,None,None,None,None,None,None,None,None,None,None,None,None,None,None,None,None,IIAC,IIAC,IIAC,IIAC
Eureka,None,None,None,None,None,None,None,None,None,None,None,None,None,None,None,None,None,None,None,None,None,None,None,None,None,None,None,None,None,None,None,None,None,None,None,None,None,None,None,None,None,None,None,None,None,None,None,None,None,None,None,None,None,IIAC,IIAC,IIAC,IIAC
McKendree,None,None,None,None,None,None,None,None,None,None,None,None,None,None,None,None,None,None,None,None,None,None,None,None,None,None,None,None,None,None,None,None,None,None,None,None,None,None,None,None,None,None,None,None,None,None,None,None,None,None,None,None,None,IIAC,IIAC,IIAC,IIAC
Mount Morris,None,None,None,None,None,None,None,None,None,None,None,None,None,None,None,None,None,None,None,None,None,None,None,None,None,None,None,None,None,None,None,None,None,None,None,None,None,None,None,None,None,None,None,None,None,None,None,None,None,None,None,None,None,IIAC,IIAC,IIAC,IIAC
Monmouth,None,None,None,None,None,None,None,None,None,None,None,None,None,None,None,None,None,None,None,None,None,None,None,None,None,None,None,None,None,None,None,None,None,None,None,None,None,None,None,None,None,None,None,None,None,None,None,None,None,None,None,None,None,IIAC,IIAC,IIAC/MWC,IIAC/MWC
Illinois State,None,None,None,None,None,None,None,None,None,None,None,None,None,None,None,None,None,None,None,None,None,None,None,None,None,None,None,None,None,None,None,None,None,None,None,None,None,None,None,None,None,None,None,None,None,None,None,None,None,None,None,None,None,IIAC,IIAC,IIAC,IIAC
Lincoln (IL),None,None,None,None,None,None,None,None,None,None,None,None,None,None,None,None,None,None,None,None,None,None,None,None,None,None,None,None,None,None,None,None,None,None,None,None,None,None,None,None,None,None,None,None,None,None,None,None,None,None,None,None,None,IIAC,IIAC,IIAC,IIAC
Augustana,None,None,None,None,None,None,None,None,None,None,None,None,None,None,None,None,None,None,None,None,None,None,None,None,None,None,None,None,None,None,None,None,None,None,None,None,None,None,None,None,None,None,None,None,None,None,None,None,None,None,None,None,None,IIAC,IIAC,IIAC,IIAC
Wheaton,None,None,None,None,None,None,None,None,None,None,None,None,None,None,None,None,None,None,None,None,None,None,None,None,None,None,None,None,None,None,None,None,None,None,None,None,None,None,None,None,None,None,None,None,None,None,None,None,None,None,None,None,None,IIAC,IIAC,IIAC,IIAC
Illinois College,None,None,None,None,None,None,None,None,None,None,None,None,None,None,None,None,None,None,None,None,None,None,None,None,None,None,None,None,None,None,None,None,None,None,None,None,None,None,None,None,None,None,None,None,None,None,None,None,None,None,None,None,None,IIAC,IIAC,IIAC,IIAC
Blackburn,None,None,None,None,None,None,None,None,None,None,None,None,None,None,None,None,None,None,None,None,None,None,None,None,None,None,None,None,None,None,None,None,None,None,None,None,None,None,None,None,None,None,None,None,None,None,None,None,None,None,None,None,None,IIAC,IIAC,IIAC,IIAC
Coe,None,None,None,None,None,None,None,None,None,None,None,None,None,None,None,None,None,None,None,None,None,None,None,None,None,None,None,None,None,None,None,None,None,None,None,None,None,None,None,None,None,None,None,None,None,None,None,None,None,None,None,None,None,MWC,MWC,MWC,MWC
Cornell (IA),None,None,None,None,None,None,None,None,None,None,None,None,None,None,None,None,None,None,None,None,None,None,None,None,None,None,None,None,None,None,None,None,None,None,None,None,None,None,None,None,None,None,None,None,None,None,None,None,None,None,None,None,None,MWC,MWC,MWC,MWC
Des Moines,None,None,None,None,None,None,None,None,None,None,None,None,None,None,None,None,None,None,None,None,None,None,None,None,None,None,None,None,None,None,None,None,None,None,None,None,None,None,None,None,None,None,None,None,None,None,None,None,None,None,None,None,None,NCC,ARC/NCC,ARC/NCC,ARC/NCC
Muskingum,None,None,None,None,None,None,None,None,None,None,None,None,None,None,None,None,None,None,None,None,None,None,None,None,None,None,None,None,None,None,None,None,None,None,None,None,None,None,None,None,None,None,None,None,None,None,None,None,None,None,None,None,None,OAC,OAC,OAC,OAC
Southeastern Oklahoma State,None,None,None,None,None,None,None,None,None,None,None,None,None,None,None,None,None,None,None,None,None,None,None,None,None,None,None,None,None,None,None,None,None,None,None,None,None,None,None,None,None,None,None,None,None,None,None,None,None,None,None,None,None,OIC,None,OIC,OIC
Southwestern Oklahoma State,None,None,None,None,None,None,None,None,None,None,None,None,None,None,None,None,None,None,None,None,None,None,None,None,None,None,None,None,None,None,None,None,None,None,None,None,None,None,None,None,None,None,None,None,None,None,None,None,None,None,None,None,None,OIC,None,OIC,OIC
East Central State,None,None,None,None,None,None,None,None,None,None,None,None,None,None,None,None,None,None,None,None,None,None,None,None,None,None,None,None,None,None,None,None,None,None,None,None,None,None,None,None,None,None,None,None,None,None,None,None,None,None,None,None,None,OIC,None,OIC,OIC
Northwestern Oklahoma State,None,None,None,None,None,None,None,None,None,None,None,None,None,None,None,None,None,None,None,None,None,None,None,None,None,None,None,None,None,None,None,None,None,None,None,None,None,None,None,None,None,None,None,None,None,None,None,None,None,None,None,None,None,OIC,None,OIC,OIC
Oklahoma Baptist,None,None,None,None,None,None,None,None,None,None,None,None,None,None,None,None,None,None,None,None,None,None,None,None,None,None,None,None,None,None,None,None,None,None,None,None,None,None,None,None,None,None,None,None,None,None,None,None,None,None,None,None,None,OIC,None,OIC,OIC
Oklahoma City,None,None,None,None,None,None,None,None,None,None,None,None,None,None,None,None,None,None,None,None,None,None,None,None,None,None,None,None,None,None,None,None,None,None,None,None,None,None,None,None,None,None,None,None,None,None,None,None,None,None,None,None,None,OIC,None,OIC,OIC
Black Hills State,None,None,None,None,None,None,None,None,None,None,None,None,None,None,None,None,None,None,None,None,None,None,None,None,None,None,None,None,None,None,None,None,None,None,None,None,None,None,None,None,None,None,None,None,None,None,None,None,None,None,None,None,None,SDIC,SDIC,SDIC,SDIC
Augustana (SD),None,None,None,None,None,None,None,None,None,None,None,None,None,None,None,None,None,None,None,None,None,None,None,None,None,None,None,None,None,None,None,None,None,None,None,None,None,None,None,None,None,None,None,None,None,None,None,None,None,None,None,None,None,SDIC,SDIC,SDIC,SDIC
East Texas A&M,None,None,None,None,None,None,None,None,None,None,None,None,None,None,None,None,None,None,None,None,None,None,None,None,None,None,None,None,None,None,None,None,None,None,None,None,None,None,None,None,None,None,None,None,None,None,None,None,None,None,None,None,None,TIAA,TIAA,TIAA,TIAA
West Texas State,None,None,None,None,None,None,None,None,None,None,None,None,None,None,None,None,None,None,None,None,None,None,None,None,None,None,None,None,None,None,None,None,None,None,None,None,None,None,None,None,None,None,None,None,None,None,None,None,None,None,None,None,None,TIAA,TIAA,TIAA,TIAA
St. John's (NY),None,None,None,None,None,None,None,None,None,None,None,None,None,None,None,None,None,None,None,None,None,None,None,None,None,None,None,None,None,None,None,None,None,None,None,None,None,None,None,None,None,None,None,None,None,None,None,None,None,None,None,None,None,None,Ind,None,Ind
Davis & Elkins,None,None,None,None,None,None,None,None,None,None,None,None,None,None,None,None,None,None,None,None,None,None,None,None,None,None,None,None,None,None,None,None,None,None,None,None,None,None,None,None,None,None,None,None,None,None,None,None,None,None,None,None,None,None,Ind,None,WVAC
King,None,None,None,None,None,None,None,None,None,None,None,None,None,None,None,None,None,None,None,None,None,None,None,None,None,None,None,None,None,None,None,None,None,None,None,None,None,None,None,None,None,None,None,None,None,None,None,None,None,None,None,None,None,None,Ind,None,None
Quantico Marines,None,None,None,None,None,None,None,None,None,None,None,None,None,None,None,None,None,None,None,None,None,None,None,None,None,None,None,None,None,None,None,None,None,None,None,None,None,None,None,None,None,None,None,None,None,None,None,None,None,None,None,None,None,None,Ind,Ind,None
Union,None,None,None,None,None,None,None,None,None,None,None,None,None,None,None,None,None,None,None,None,None,None,None,None,None,None,None,None,None,None,None,None,None,None,None,None,None,None,None,None,None,None,None,None,None,None,None,None,None,None,None,None,None,None,Ind,Ind,SIAA
UC Santa Barbara,None,None,None,None,None,None,None,None,None,None,None,None,None,None,None,None,None,None,None,None,None,None,None,None,None,None,None,None,None,None,None,None,None,None,None,None,None,None,None,None,None,None,None,None,None,None,None,None,None,None,None,None,None,None,Ind,Ind,Ind
Bakersfield,None,None,None,None,None,None,None,None,None,None,None,None,None,None,None,None,None,None,None,None,None,None,None,None,None,None,None,None,None,None,None,None,None,None,None,None,None,None,None,None,None,None,None,None,None,None,None,None,None,None,None,None,None,None,NCJCC,NCJCC,NCJCC
San Mateo,None,None,None,None,None,None,None,None,None,None,None,None,None,None,None,None,None,None,None,None,None,None,None,None,None,None,None,None,None,None,None,None,None,None,None,None,None,None,None,None,None,None,None,None,None,None,None,None,None,None,None,None,None,None,NCJCC,NCJCC,None
Saint Paul's,None,None,None,None,None,None,None,None,None,None,None,None,None,None,None,None,None,None,None,None,None,None,None,None,None,None,None,None,None,None,None,None,None,None,None,None,None,None,None,None,None,None,None,None,None,None,None,None,None,None,None,None,None,None,CIAA,CIAA,CIAA
Evansville,None,None,None,None,None,None,None,None,None,None,None,None,None,None,None,None,None,None,None,None,None,None,None,None,None,None,None,None,None,None,None,None,None,None,None,None,None,None,None,None,None,None,None,None,None,None,None,None,None,None,None,None,None,None,IIC,IIC,None
Canterbury,None,None,None,None,None,None,None,None,None,None,None,None,None,None,None,None,None,None,None,None,None,None,None,None,None,None,None,None,None,None,None,None,None,None,None,None,None,None,None,None,None,None,None,None,None,None,None,None,None,None,None,None,None,None,IIC,IIC,None
Oakland City,None,None,None,None,None,None,None,None,None,None,None,None,None,None,None,None,None,None,None,None,None,None,None,None,None,None,None,None,None,None,None,None,None,None,None,None,None,None,None,None,None,None,None,None,None,None,None,None,None,None,None,None,None,None,IIC,IIC,None
Simpson,None,None,None,None,None,None,None,None,None,None,None,None,None,None,None,None,None,None,None,None,None,None,None,None,None,None,None,None,None,None,None,None,None,None,None,None,None,None,None,None,None,None,None,None,None,None,None,None,None,None,None,None,None,None,ARC,ARC,ARC
Westmar,None,None,None,None,None,None,None,None,None,None,None,None,None,None,None,None,None,None,None,None,None,None,None,None,None,None,None,None,None,None,None,None,None,None,None,None,None,None,None,None,None,None,None,None,None,None,None,None,None,None,None,None,None,None,ARC,ARC,ARC
St. Ambrose,None,None,None,None,None,None,None,None,None,None,None,None,None,None,None,None,None,None,None,None,None,None,None,None,None,None,None,None,None,None,None,None,None,None,None,None,None,None,None,None,None,None,None,None,None,None,None,None,None,None,None,None,None,None,ARC,ARC,ARC
Buena Vista,None,None,None,None,None,None,None,None,None,None,None,None,None,None,None,None,None,None,None,None,None,None,None,None,None,None,None,None,None,None,None,None,None,None,None,None,None,None,None,None,None,None,None,None,None,None,None,None,None,None,None,None,None,None,ARC,ARC,ARC
Luther,None,None,None,None,None,None,None,None,None,None,None,None,None,None,None,None,None,None,None,None,None,None,None,None,None,None,None,None,None,None,None,None,None,None,None,None,None,None,None,None,None,None,None,None,None,None,None,None,None,None,None,None,None,None,ARC,ARC/WIC,ARC/WIC
Central (IA),None,None,None,None,None,None,None,None,None,None,None,None,None,None,None,None,None,None,None,None,None,None,None,None,None,None,None,None,None,None,None,None,None,None,None,None,None,None,None,None,None,None,None,None,None,None,None,None,None,None,None,None,None,None,ARC,ARC,ARC
Upper Iowa,None,None,None,None,None,None,None,None,None,None,None,None,None,None,None,None,None,None,None,None,None,None,None,None,None,None,None,None,None,None,None,None,None,None,None,None,None,None,None,None,None,None,None,None,None,None,None,None,None,None,None,None,None,None,ARC,ARC,ARC
Parsons,None,None,None,None,None,None,None,None,None,None,None,None,None,None,None,None,None,None,None,None,None,None,None,None,None,None,None,None,None,None,None,None,None,None,None,None,None,None,None,None,None,None,None,None,None,None,None,None,None,None,None,None,None,None,ARC,ARC,ARC
Iowa Wesleyan,None,None,None,None,None,None,None,None,None,None,None,None,None,None,None,None,None,None,None,None,None,None,None,None,None,None,None,None,None,None,None,None,None,None,None,None,None,None,None,None,None,None,None,None,None,None,None,None,None,None,None,None,None,None,ARC,ARC,ARC
Ellsworth,None,None,None,None,None,None,None,None,None,None,None,None,None,None,None,None,None,None,None,None,None,None,None,None,None,None,None,None,None,None,None,None,None,None,None,None,None,None,None,None,None,None,None,None,None,None,None,None,None,None,None,None,None,None,ARC,ARC,ARC
Ripon,None,None,None,None,None,None,None,None,None,None,None,None,None,None,None,None,None,None,None,None,None,None,None,None,None,None,None,None,None,None,None,None,None,None,None,None,None,None,None,None,None,None,None,None,None,None,None,None,None,None,None,None,None,None,MWC,MWC,MWC
Dakota State,None,None,None,None,None,None,None,None,None,None,None,None,None,None,None,None,None,None,None,None,None,None,None,None,None,None,None,None,None,None,None,None,None,None,None,None,None,None,None,None,None,None,None,None,None,None,None,None,None,None,None,None,None,None,SDIC,SDIC,SDIC
LCU,None,None,None,None,None,None,None,None,None,None,None,None,None,None,None,None,None,None,None,None,None,None,None,None,None,None,None,None,None,None,None,None,None,None,None,None,None,None,None,None,None,None,None,None,None,None,None,None,None,None,None,None,None,None,SIAA,SIAA/LIAA,SIAA/LIAA
Newberry,None,None,None,None,None,None,None,None,None,None,None,None,None,None,None,None,None,None,None,None,None,None,None,None,None,None,None,None,None,None,None,None,None,None,None,None,None,None,None,None,None,None,None,None,None,None,None,None,None,None,None,None,None,None,SIAA,SIAA,SIAA
Western Washington,None,None,None,None,None,None,None,None,None,None,None,None,None,None,None,None,None,None,None,None,None,None,None,None,None,None,None,None,None,None,None,None,None,None,None,None,None,None,None,None,None,None,None,None,None,None,None,None,None,None,None,None,None,None,TNC,TNC,TNC
Delaware State,None,None,None,None,None,None,None,None,None,None,None,None,None,None,None,None,None,None,None,None,None,None,None,None,None,None,None,None,None,None,None,None,None,None,None,None,None,None,None,None,None,None,None,None,None,None,None,None,None,None,None,None,None,None,None,Ind,Ind
Georgia Southern,None,None,None,None,None,None,None,None,None,None,None,None,None,None,None,None,None,None,None,None,None,None,None,None,None,None,None,None,None,None,None,None,None,None,None,None,None,None,None,None,None,None,None,None,None,None,None,None,None,None,None,None,None,None,None,Ind,Ind
Cal Poly Humboldt,None,None,None,None,None,None,None,None,None,None,None,None,None,None,None,None,None,None,None,None,None,None,None,None,None,None,None,None,None,None,None,None,None,None,None,None,None,None,None,None,None,None,None,None,None,None,None,None,None,None,None,None,None,None,None,Ind,Ind
Lewis & Clark (ID),None,None,None,None,None,None,None,None,None,None,None,None,None,None,None,None,None,None,None,None,None,None,None,None,None,None,None,None,None,None,None,None,None,None,None,None,None,None,None,None,None,None,None,None,None,None,None,None,None,None,None,None,None,None,None,CVC,None
Indianapolis,None,None,None,None,None,None,None,None,None,None,None,None,None,None,None,None,None,None,None,None,None,None,None,None,None,None,None,None,None,None,None,None,None,None,None,None,None,None,None,None,None,None,None,None,None,None,None,None,None,None,None,None,None,None,None,IIC,None
Ball State,None,None,None,None,None,None,None,None,None,None,None,None,None,None,None,None,None,None,None,None,None,None,None,None,None,None,None,None,None,None,None,None,None,None,None,None,None,None,None,None,None,None,None,None,None,None,None,None,None,None,None,None,None,None,None,IIC,Ind
Manchester,None,None,None,None,None,None,None,None,None,None,None,None,None,None,None,None,None,None,None,None,None,None,None,None,None,None,None,None,None,None,None,None,None,None,None,None,None,None,None,None,None,None,None,None,None,None,None,None,None,None,None,None,None,None,None,IIC,None
Vincennes,None,None,None,None,None,None,None,None,None,None,None,None,None,None,None,None,None,None,None,None,None,None,None,None,None,None,None,None,None,None,None,None,None,None,None,None,None,None,None,None,None,None,None,None,None,None,None,None,None,None,None,None,None,None,None,IIC,None
Northeastern State,None,None,None,None,None,None,None,None,None,None,None,None,None,None,None,None,None,None,None,None,None,None,None,None,None,None,None,None,None,None,None,None,None,None,None,None,None,None,None,None,None,None,None,None,None,None,None,None,None,None,None,None,None,None,None,OIC,OIC
South Dakota-Springfield,None,None,None,None,None,None,None,None,None,None,None,None,None,None,None,None,None,None,None,None,None,None,None,None,None,None,None,None,None,None,None,None,None,None,None,None,None,None,None,None,None,None,None,None,None,None,None,None,None,None,None,None,None,None,None,SDIC,SDIC
Thiel,None,None,None,None,None,None,None,None,None,None,None,None,None,None,None,None,None,None,None,None,None,None,None,None,None,None,None,None,None,None,None,None,None,None,None,None,None,None,None,None,None,None,None,None,None,None,None,None,None,None,None,None,None,None,None,TSC,TSC
Westminster (PA),None,None,None,None,None,None,None,None,None,None,None,None,None,None,None,None,None,None,None,None,None,None,None,None,None,None,None,None,None,None,None,None,None,None,None,None,None,None,None,None,None,None,None,None,None,None,None,None,None,None,None,None,None,None,None,TSC,TSC
Bethany (WV),None,None,None,None,None,None,None,None,None,None,None,None,None,None,None,None,None,None,None,None,None,None,None,None,None,None,None,None,None,None,None,None,None,None,None,None,None,None,None,None,None,None,None,None,None,None,None,None,None,None,None,None,None,None,None,TSC,TSC
Loras,None,None,None,None,None,None,None,None,None,None,None,None,None,None,None,None,None,None,None,None,None,None,None,None,None,None,None,None,None,None,None,None,None,None,None,None,None,None,None,None,None,None,None,None,None,None,None,None,None,None,None,None,None,None,None,WIC,WIC
Western Colorado,None,None,None,None,None,None,None,None,None,None,None,None,None,None,None,None,None,None,None,None,None,None,None,None,None,None,None,None,None,None,None,None,None,None,None,None,None,None,None,None,None,None,None,None,None,None,None,None,None,None,None,None,None,None,None,None,RMAC
Northern Colorado,None,None,None,None,None,None,None,None,None,None,None,None,None,None,None,None,None,None,None,None,None,None,None,None,None,None,None,None,None,None,None,None,None,None,None,None,None,None,None,None,None,None,None,None,None,None,None,None,None,None,None,None,None,None,None,None,RMAC
Muhlenberg,None,None,None,None,None,None,None,None,None,None,None,None,None,None,None,None,None,None,None,None,None,None,None,None,None,None,None,None,None,None,None,None,None,None,None,None,None,None,None,None,None,None,None,None,None,None,None,None,None,None,None,None,None,None,None,None,Ind
Providence,None,None,None,None,None,None,None,None,None,None,None,None,None,None,None,None,None,None,None,None,None,None,None,None,None,None,None,None,None,None,None,None,None,None,None,None,None,None,None,None,None,None,None,None,None,None,None,None,None,None,None,None,None,None,None,None,Ind
Manhattan,None,None,None,None,None,None,None,None,None,None,None,None,None,None,None,None,None,None,None,None,None,None,None,None,None,None,None,None,None,None,None,None,None,None,None,None,None,None,None,None,None,None,None,None,None,None,None,None,None,None,None,None,None,None,None,None,Ind
Assumption,None,None,None,None,None,None,None,None,None,None,None,None,None,None,None,None,None,None,None,None,None,None,None,None,None,None,None,None,None,None,None,None,None,None,None,None,None,None,None,None,None,None,None,None,None,None,None,None,None,None,None,None,None,None,None,None,Ind
Texas Tech,None,None,None,None,None,None,None,None,None,None,None,None,None,None,None,None,None,None,None,None,None,None,None,None,None,None,None,None,None,None,None,None,None,None,None,None,None,None,None,None,None,None,None,None,None,None,None,None,None,None,None,None,None,None,None,None,Ind
Texas A&M-Kingsville,None,None,None,None,None,None,None,None,None,None,None,None,None,None,None,None,None,None,None,None,None,None,None,None,None,None,None,None,None,None,None,None,None,None,None,None,None,None,None,None,None,None,None,None,None,None,None,None,None,None,None,None,None,None,None,None,Ind
Loyola Maryland,None,None,None,None,None,None,None,None,None,None,None,None,None,None,None,None,None,None,None,None,None,None,None,None,None,None,None,None,None,None,None,None,None,None,None,None,None,None,None,None,None,None,None,None,None,None,None,None,None,None,None,None,None,None,None,None,Ind
San Diego State,None,None,None,None,None,None,None,None,None,None,None,None,None,None,None,None,None,None,None,None,None,None,None,None,None,None,None,None,None,None,None,None,None,None,None,None,None,None,None,None,None,None,None,None,None,None,None,None,None,None,None,None,None,None,None,None,Ind
Regis,None,None,None,None,None,None,None,None,None,None,None,None,None,None,None,None,None,None,None,None,None,None,None,None,None,None,None,None,None,None,None,None,None,None,None,None,None,None,None,None,None,None,None,None,None,None,None,None,None,None,None,None,None,None,None,None,Ind
San Francisco,None,None,None,None,None,None,None,None,None,None,None,None,None,None,None,None,None,None,None,None,None,None,None,None,None,None,None,None,None,None,None,None,None,None,None,None,None,None,None,None,None,None,None,None,None,None,None,None,None,None,None,None,None,None,None,None,Ind
North Carolina A&T,None,None,None,None,None,None,None,None,None,None,None,None,None,None,None,None,None,None,None,None,None,None,None,None,None,None,None,None,None,None,None,None,None,None,None,None,None,None,None,None,None,None,None,None,None,None,None,None,None,None,None,None,None,None,None,None,CIAA
Hedding,None,None,None,None,None,None,None,None,None,None,None,None,None,None,None,None,None,None,None,None,None,None,None,None,None,None,None,None,None,None,None,None,None,None,None,None,None,None,None,None,None,None,None,None,None,None,None,None,None,None,None,None,None,None,None,None,IIAC
North Central,None,None,None,None,None,None,None,None,None,None,None,None,None,None,None,None,None,None,None,None,None,None,None,None,None,None,None,None,None,None,None,None,None,None,None,None,None,None,None,None,None,None,None,None,None,None,None,None,None,None,None,None,None,None,None,None,IIAC
Bluffton,None,None,None,None,None,None,None,None,None,None,None,None,None,None,None,None,None,None,None,None,None,None,None,None,None,None,None,None,None,None,None,None,None,None,None,None,None,None,None,None,None,None,None,None,None,None,None,None,None,None,None,None,None,None,None,None,NWOL
Defiance,None,None,None,None,None,None,None,None,None,None,None,None,None,None,None,None,None,None,None,None,None,None,None,None,None,None,None,None,None,None,None,None,None,None,None,None,None,None,None,None,None,None,None,None,None,None,None,None,None,None,None,None,None,None,None,None,NWOL
St. Edward's,None,None,None,None,None,None,None,None,None,None,None,None,None,None,None,None,None,None,None,None,None,None,None,None,None,None,None,None,None,None,None,None,None,None,None,None,None,None,None,None,None,None,None,None,None,None,None,None,None,None,None,None,None,None,None,None,TIAA
Central Washington,None,None,None,None,None,None,None,None,None,None,None,None,None,None,None,None,None,None,None,None,None,None,None,None,None,None,None,None,None,None,None,None,None,None,None,None,None,None,None,None,None,None,None,None,None,None,None,None,None,None,None,None,None,None,None,None,TNC
Waynesburg,None,None,None,None,None,None,None,None,None,None,None,None,None,None,None,None,None,None,None,None,None,None,None,None,None,None,None,None,None,None,None,None,None,None,None,None,None,None,None,None,None,None,None,None,None,None,None,None,None,None,None,None,None,None,None,None,TSC
WVIT,None,None,None,None,None,None,None,None,None,None,None,None,None,None,None,None,None,None,None,None,None,None,None,None,None,None,None,None,None,None,None,None,None,None,None,None,None,None,None,None,None,None,None,None,None,None,None,None,None,None,None,None,None,None,None,None,WVAC
West Virginia Wesleyan,None,None,None,None,None,None,None,None,None,None,None,None,None,None,None,None,None,None,None,None,None,None,None,None,None,None,None,None,None,None,None,None,None,None,None,None,None,None,None,None,None,None,None,None,None,None,None,None,None,None,None,None,None,None,None,None,WVAC
Salem,None,None,None,None,None,None,None,None,None,None,None,None,None,None,None,None,None,None,None,None,None,None,None,None,None,None,None,None,None,None,None,None,None,None,None,None,None,None,None,None,None,None,None,None,None,None,None,None,None,None,None,None,None,None,None,None,WVAC
Fairmont State,None,None,None,None,None,None,None,None,None,None,None,None,None,None,None,None,None,None,None,None,None,None,None,None,None,None,None,None,None,None,None,None,None,None,None,None,None,None,None,None,None,None,None,None,None,None,None,None,None,None,None,None,None,None,None,None,WVAC
Potomac State,None,None,None,None,None,None,None,None,None,None,None,None,None,None,None,None,None,None,None,None,None,None,None,None,None,None,None,None,None,None,None,None,None,None,None,None,None,None,None,None,None,None,None,None,None,None,None,None,None,None,None,None,None,None,None,None,WVAC
Alderson Broaddus,None,None,None,None,None,None,None,None,None,None,None,None,None,None,None,None,None,None,None,None,None,None,None,None,None,None,None,None,None,None,None,None,None,None,None,None,None,None,None,None,None,None,None,None,None,None,None,None,None,None,None,None,None,None,None,None,WVAC
West Liberty,None,None,None,None,None,None,None,None,None,None,None,None,None,None,None,None,None,None,None,None,None,None,None,None,None,None,None,None,None,None,None,None,None,None,None,None,None,None,None,None,None,None,None,None,None,None,None,None,None,None,None,None,None,None,None,None,WVAC
Glenville State,None,None,None,None,None,None,None,None,None,None,None,None,None,None,None,None,None,None,None,None,None,None,None,None,None,None,None,None,None,None,None,None,None,None,None,None,None,None,None,None,None,None,None,None,None,None,None,None,None,None,None,None,None,None,None,None,WVAC
Concord,None,None,None,None,None,None,None,None,None,None,None,None,None,None,None,None,None,None,None,None,None,None,None,None,None,None,None,None,None,None,None,None,None,None,None,None,None,None,None,None,None,None,None,None,None,None,None,None,None,None,None,None,None,None,None,None,WVAC
Shepherd,None,None,None,None,None,None,None,None,None,None,None,None,None,None,None,None,None,None,None,None,None,None,None,None,None,None,None,None,None,None,None,None,None,None,None,None,None,None,None,None,None,None,None,None,None,None,None,None,None,None,None,None,None,None,None,None,WVAC